Lyric,Count
up,305
down,285
You,279
don't,279
be,238
it's,227
The,227
what,224
this,216
we,207
when,202
from,189
so,187
can,180
just,178
So,178
at,174
you're,163
do,161
back,159
time,158
I've,155
not,155
no,150
that's,148
'Cause,146
We,142
Mike,142
But,140
gonna,138
go,136
but,133
was,132
now,131
I'll,129
one,124
around,120
want,117
It's,115
can't,115
'cause,113
off,111
are,111
y'all,109
Like,106
right,104
man,103
then,103
mic,102
make,100
they,99
as,97
if,96
rock,95
see,95
gotta,94
say,93
keep,92
My,91
funky,90
take,90
let,90
rhymes,90
her,88
Well ,87
or,86
ain't,86
come,84
planetary ,84
To,84
going,84
stop,83
never,83
he,83
some,82
shit,80
Now,80
party,78
about,78
way,77
been,75
little,74
mind,73
rhyme,73
name,73
If,71
have,70
than,69
we're,67
getting,67
put,67
think,66
day,65
We're,65
What,64
his,63
am,63
A,63
tell,62
Because,62
Well,62
by,61
who,61
feel,60
Don't,60
new,60
she,60
wanna,60
people,59
another,59
With,59
an,58
girl,58
through,57
give,57
what's,56
said,56
how,55
D,55
Another,54
still,54
When,53
always,53
She's,53
she's,52
All,52
two,52
it ,52
Got,52
turn,52
where,51
more,51
said ,51
kick,50
He,50
No,49
here,49
because,49
night,48
well,48
New,48
had,48
check,48
hey ,48
goes,47
too,46
You're,46
call,46
try,46
place,46
Intergalactic ,45
set,45
home,45
style,45
love,45
lighten,44
good,44
three,44
This,44
money,44
into,44
could,44
sleep,44
up ,43
play,43
head,43
pay,42
ya,42
intergalactic,42
comes,42
over,42
sound,42
house,41
can't ,40
won't ,40
ass,40
From,40
Beastie,40
world,39
ill,39
feeling,39
fight,39
they're,39
York,38
gone,38
yourself,38
Get,38
break,38
skills,38
body,37
real,37
need,36
long,36
In,36
fly,36
hear,36
Adrock,36
light,36
pass,36
Oh,36
dimension,36
Let,36
best,36
dimension ,36
Your,35
known,35
Manhattan,35
beat,35
something,35
stick,35
cause,35
I'd,34
till,34
life,34
start,34
ladies,34
ever,34
together,33
their,33
D.,33
y'all ,33
nothing,33
Yo,33
On,33
face,32
will,32
hot,32
Just,32
game,32
every,32
much,32
Who,32
inside,32
you ,32
me ,32
man ,32
crafty ,32
Monkey,31
old,31
better,31
nice,31
damn,31
there,31
him,30
run,30
One,30
seen,30
top,30
Listen,30
bass,30
high,30
beats,30
show,29
word,29
look,29
did,29
ride,29
away,29
root,29
he's,29
might,28
what'cha ,28
you've,28
yeah,28
grab,28
Boys,28
Egg,27
live,27
listen,27
shot,27
many,27
goin',27
For,27
looking,27
work,27
rockin',26
cut,26
yet,26
f*ck,26
should,26
these,26
D ,26
movin',26
before,26
done,26
sure,26
'em,26
thing,26
didn't,26
hard,26
yo,26
stand,26
Man ,26
freak,25
Adrock ,25
bring,25
them,25
house ,25
That,25
again,25
mean,25
makin',25
girls,25
went,25
now ,25
heart,25
started,25
talk,25
things,24
were,24
Hey,24
us,24
bust,24
city,24
Brooklyn,24
next,24
takes,24
why,24
bills,24
really,24
Never,23
M.C.A.,23
music,23
hand,23
making,23
Yeah ,23
She,23
dawn,23
lot,23
type,23
Gonna,23
DJ,23
let's,23
Keep,23
yo ,23
took,23
front,23
Take,23
ask,23
gettin',22
Adam,22
what'cha,22
must,22
fresh,22
nobody,22
Brooklyn!,22
It,22
well ,22
wrong,22
song,22
brain,22
hold,22
won't,22
Queens,22
bet,22
you'll,22
watch,22
last,21
everybody,21
while,21
gets,21
has,21
sabotage,21
myself,21
made,21
there's,21
down ,21
step,21
power,21
coming,21
hit,21
our,21
Step,21
Time,21
those,21
big,21
flow,21
microphone,21
dance,21
Ain't,20
mom,20
Funky,20
car,20
point,20
bad,20
Three,20
drink,20
thought,20
Brass,20
attack,20
wack,20
Johnny,20
Mario,20
kid,20
respect,20
fire,20
fresh ,20
running,20
caught,20
boss ,20
Most,20
school,19
People,19
doing,19
rap,19
pull,19
change,19
own,19
Mix,19
em,19
Why,19
find,18
town,18
pop,18
Now ,18
talking,18
ya'll,18
out ,18
please,18
name's,18
care,18
even,18
MCs,18
They,18
Yeah,18
violence,18
Body,18
ready,18
Cause,18
hell,18
control,17
Make,17
after,17
Gotta,17
crazy,17
water,17
number,17
stage,17
crack,17
win,17
girlies,17
Brooklyn ,17
most,17
comin',17
(yeah),17
movin' ,17
Slow,17
very,17
mad,17
hair,16
pen,16
Is,16
ball,16
crowd,16
I'ma,16
Not,16
other,16
such,16
living,16
flow ,16
Disco,16
wear,16
King,16
brand,16
write,16
baby,16
help,16
You've,16
record,16
only,16
happen,16
That's,16
met,16
F*ck,16
holy,16
Let's,16
Or,16
action,16
hey,16
walk,16
rhymin',16
stay,16
wine,16
move,16
There's,16
What's,16
block,15
taking,15
huh,15
sell,15
story,15
line,15
There,15
truth,15
strong,15
tempo,15
ah ,15
stupid,15
chickens,15
times,15
Check,15
neck,15
past,15
MC's,15
oh,15
Mike ,15
motherf*cker,15
shall,15
Too,15
want?,15
left,15
Can't,15
wall,15
Everybody,15
Asian ,14
yes ,14
pretty,14
two ,14
gold,14
full,14
playing,14
want?),14
Battery,14
Middle-Eastern,14
Ah,14
sit,14
threw,14
sounds,14
Come,14
TRUE,14
milk,14
White ,14
mind ,14
Soba,14
catch,14
boys,14
f*ckin',14
Staten,14
free,14
throw,14
cool,14
kind,14
cold,14
As,14
do?,14
working,14
thoughts,14
Black ,14
king,14
spot,14
called,14
buy,14
sick,14
Right,14
Bronx ,14
yell,14
time?,14
low ,14
beyond,14
touch,14
Country,14
friends,14
Hey ,14
',14
on ,14
up?,14
Latin,14
Do,14
sun,14
gun,14
(what'cha,14
ear,13
electric,13
Street,13
Holy,13
eyes,13
fake,13
drop,13
room,13
losing,13
six,13
heard,13
know ,13
without,13
brought,13
trying,13
shine,13
Here's,13
you),13
across,13
space,13
against,13
At,13
"""I",13
tip,13
ha,13
He's,13
good ,13
words,13
attack ,13
corner,13
Mr.,13
fight ,13
train,13
rappers,13
burn,13
disco,13
Put,13
dream,13
would,13
alright,13
saw,13
MCA,13
crew,12
loose,12
dust,12
flowing,12
deal,12
news,12
until,12
thanks,12
Dr.,12
floor,12
learn,12
yeah ,12
ha-ha-ha ,12
huh ,12
window,12
stealin',12
hope,12
whole,12
chill ,12
it),12
Brrr ,12
five,12
rhythm,12
b-boy ,12
boomin',12
finger,12
Heart,12
Mixmaster,12
Check-ch-check-check-check-ch-check,12
Go,12
bag,12
den,12
'Nuff,12
door,12
straight,12
phone,12
Yauch,12
See,12
Master,12
sky,12
wild,12
he'll,12
fat,12
born,12
behind,12
makes,12
em ,12
rat,12
end,11
class,11
soul,11
dead,11
wax,11
enough,11
Rock,11
knows,11
(that's,11
cup,11
mic ,11
"Abednago""",11
round,11
special,11
bottle,11
track,11
Down,11
pulled,11
paid,11
Two,11
morning,11
"""Shadrach",11
driving,11
clout,11
insane,11
it?,11
attention,11
half,11
Bennie,11
How,11
Once,11
suckers,11
shake,11
Def,11
nose,11
side,11
Me,11
lickin' ,11
forget,11
delay,11
girls ,11
eat,11
loud,11
the ,11
Lee,11
Mesach,11
weak,11
scream,11
along,11
send,11
Cooky,11
Had,10
time ,10
mother,10
fine,10
bum,10
His,10
porno,10
Tom,10
one's,10
lost,10
sip,10
tried,10
pound,10
Castle,10
vibe ,10
wish,10
cook ,10
South,10
yes,10
Tough,10
crafty,10
feet,10
leg,10
sucker,10
man's,10
test,10
Man,10
lookin',10
Sam,10
voice,10
bitch,10
One ,10
trouble,10
hip-hop,10
Know,10
clock,10
giving,10
clear,10
Dear,10
speak,10
Riding,10
forty,10
hits,10
chicken,10
build,10
beer,10
Went,10
Hutton,10
de,10
here's,10
far,10
boat,10
god,10
granny,10
upon,10
first,10
die,9
shout,9
"""Yo",9
may,9
(one),9
cutting,9
back ,9
Girls ,9
rhyme ,9
Nas,9
"it""",9
You'll,9
Ali,9
now),9
its,9
shoot,9
smoke,9
TV,9
which,9
calm,9
ladies ,9
science,9
(three),9
hip,9
Bronx,9
say?,9
Walking,9
busted,9
Ah ,9
lady,9
swell,9
illingest,9
read,9
drive,9
we've,9
mirage,9
groove,9
takes ,9
kinda,9
soothing,9
boss,9
missed,9
kinds,9
danger),9
okay,9
bounce,9
sweet,9
again ,9
piece,9
sing,9
joint,9
Said,9
minute,9
stock,9
smokes,9
peace,9
Girl,9
boots,9
press,9
baby ,9
maybe,9
days,9
downtown,9
battle,9
lyrics,9
box,9
say ,9
Thank,9
since,9
plan,9
MC,9
guy ,9
doin',9
dog,9
Every,9
telling,9
ice,9
gonna',9
smile,9
Going,9
same,9
mine,9
between,9
teeth,9
planned,9
it!,9
Kick,9
believe,9
we'll,9
Good,9
why'all,9
came,9
So ,9
calling,9
Be,9
boy,9
kickin',9
white,9
Ooh,9
clothes,8
chillin',8
finger-lickin',8
(Over,8
hide,8
M.C.A. ,8
drinking,8
Always,8
booth,8
throwing,8
Ma,8
funny,8
difference?,8
naked,8
Puttin',8
cheese,8
station,8
(you,8
area ,8
egg,8
flip,8
Read,8
thieves,8
couldn't,8
Full,8
shoes,8
kill,8
chill,8
slick,8
pocket,8
sayin',8
Yo ,8
Trying,8
eye,8
Before,8
asked,8
fall,8
bus,8
Some,8
nothin',8
routine,8
Friday,8
right ,8
bullshit,8
bringing,8
microphone ,8
broke,8
triple,8
chance,8
thinking,8
perfection,8
mouth,8
(Mike,8
Who's,8
spin,8
cars,8
wreck,8
smoking,8
thing ,8
forms,8
While,8
coast,8
quit,8
Baba,8
year,8
Island,8
John,8
fade,8
job,8
quick,8
together ,8
gripe,8
noise,8
here),8
worth,8
bon,8
trust,8
sees,8
open,8
begin,8
ace,8
book,8
four,8
Words,8
way ,8
master,8
women,8
Where,8
sauce,8
Georgie,8
eating,7
B-E-A-S-T-I-E.,7
Say,7
hands,7
Maybe,7
rough,7
wasn't,7
'till,7
guess,7
platter,7
York ,7
thief,7
later,7
gift,7
mag,7
mission,7
scene,7
tax,7
grabbed,7
busting,7
lifestyles ,7
squad,7
middle,7
Tell,7
walking,7
rest,7
B,7
wake,7
wrote,7
Only,7
Pass,7
swim,7
ground,7
drinkin',7
sisters,7
fool,7
coffee,7
Grand,7
Riot,7
pants,7
late,7
bit,7
White,7
being,7
earth,7
Took,7
listening,7
competition,7
mighty,7
tired,7
scratch,7
does,7
brother,7
clean,7
family,7
f*cked,7
post,7
wet,7
tape,7
reach,7
wire,7
rappin',7
nor,7
Sometimes,7
dropped,7
goggles,7
snappers,7
Yes ,7
everyone,7
guy,7
abide,7
biz,7
tooth,7
toe,7
hook,7
rain,7
crystal,7
homeboy,7
talkin',7
second,7
sizes ,7
Our,7
Boomin',7
man?,7
push,7
see ,7
f*cking,7
Ryall,7
(danger),7
sour,7
juice,7
lights,7
fun,7
outside,7
pie,7
bigger,7
crab,7
head?,7
tweak,7
girlie,7
this ,7
quarter,7
sound ,7
Money,7
green,7
wouldn't,7
roll,7
I'mma,7
ought,7
givin',7
lie,7
slip,7
speed,7
(You,7
Dave,7
Long,7
dick,7
MCA ,7
def,7
ways,7
history,7
Have,6
livin' ,6
jerk,6
saying,6
eight,6
fill,6
(MCA),6
Back,6
piss ,6
button,6
sweat,6
breakin',6
d,6
What-wha-what-what-what's,6
drag,6
having,6
dreams,6
Zu,6
Hold,6
Meshach ,6
packs,6
bed,6
granny ,6
maestro,6
dial,6
slice,6
dollar,6
dope,6
Looking,6
thrusts,6
correct,6
L,6
fore,6
shed,6
Running,6
iron,6
scheming,6
"""How",6
Believe,6
red,6
thank,6
here ,6
on?,6
yours,6
nuts,6
key,6
"""I'm",6
(now),6
faster!,6
Jets,6
(your,6
order,6
glass,6
pick,6
crush,6
jammy,6
Fresh,6
black,6
Scorpio,6
rewind,6
lies,6
so ,6
(be),6
set),6
keen,6
shapes ,6
Work-wa-work-work-work-wa-work,6
Look,6
function,6
mirror,6
C.,6
lit,6
broad,6
(right),6
More,6
Watergate,6
rapping,6
says,6
Wanna,6
bite,6
See ,6
(two) ,6
fish,6
remote,6
steal,6
share,6
rock ,6
(two),6
Of,6
handle,6
hypocrite,6
spread,6
found,6
fists,6
Kuniff ,6
Shout,6
business,6
kicking,6
crappers,6
(It,6
throat,6
about?,6
weight,6
Agh,6
Getting,6
groovin',6
nations,6
everything,6
creme,6
(gotta),6
Jimmy,6
(we),6
Master ,6
sight,6
slow,6
used,6
count,6
Yes,6
staring,6
section,6
cash,6
use,6
c'mon,6
Dave ,6
Bridge,6
likes,6
By,6
reason,6
told,6
"""You",6
representing,6
one ,6
beef,6
west,6
frame,6
butter,6
A1,6
dissed,6
Something,6
worry,6
en,6
get),6
mike,6
leave,6
"""Now",6
ale,6
shut,6
donkey,6
cutie,6
pain,6
who's,6
wife,6
(fore),6
(get,6
nine,6
any,6
"laugh?""",6
shame,6
got ,6
bet),6
unique,6
Den,6
smokin',6
stuffin',6
wonder,6
band,6
funky ,6
(Adrock),6
park,6
ghost,6
yet),6
low,6
played,6
three ,6
bat,6
ceiling,6
Won't,6
riot,6
City,6
race,6
wrapped,6
dumb,6
Place,6
carry,6
happy,6
pedal,6
(done,6
cut ,6
D),6
changed,6
fix,6
fully,6
Ad,6
cross,6
whatcha,6
raid,6
Jill,6
Girls,6
gave,6
den ,6
High,6
street,6
insists,6
situation,6
straight ,6
"""My",6
starts,6
(Love,6
knew,6
tracks,6
alone,5
health,5
ooh,5
bar,5
Hollis,5
blow,5
god ,5
Cold,5
Spock,5
riding,5
Talking,5
given,5
trash,5
supposed,5
wherever,5
pussy,5
seeing,5
smooth,5
Four,5
stole,5
spell,5
tick,5
booming,5
though,5
We'll,5
Super,5
heads,5
once,5
choice,5
jump,5
they'll,5
Want,5
slide,5
brings,5
bald,5
Hot,5
magic,5
Someday,5
hop,5
plenty,5
super,5
Chinese,5
tellin',5
shit's,5
BGirls,5
doors,5
be ,5
dice,5
reached,5
Joe,5
Bob,5
remember,5
Guaranteed,5
lose,5
toast,5
shelf,5
charge,5
unite,5
Ride,5
windows,5
"""Yo ",5
watching,5
locked,5
roof,5
whip,5
Call,5
paper,5
socks,5
Fulton,5
Break,5
places,5
D. ,5
red?,5
mail,5
force,5
Hurricane,5
Bell,5
land,5
plains,5
Things,5
seems,5
Said ,5
A.W.O.L.,5
selling,5
hate,5
Hit,5
stacks,5
knock,5
ideas,5
brew,5
lack,5
M.C.,5
Give,5
Soul,5
Smokin',5
Vincent,5
rump,5
Around,5
Y'all,5
motion,5
Mullet,5
DJ's,5
air,5
tree,5
son,5
cop,5
busy,5
sad,5
Bass,5
Think,5
grin,5
Ryall ,5
demise,5
sardines,5
suit,5
unwind,5
she'll,5
court,5
ourselves,5
stopping,5
bam ,5
cherry,5
makin' ,5
D's,5
Finger,5
beat ,5
Came,5
Chuck,5
Her,5
They'll,5
puss,5
card,5
player,5
blue,5
under,5
BBoys,5
appealing,5
flavor,5
"me""",5
updated,5
fuss,5
someone,5
Re-mote ,5
lime,5
table,5
disgrace,5
ran,5
thrown,5
shit ,5
dad,5
kiss,5
Kenny,5
monster,5
Comin',5
glide,5
Five,5
daughter,5
harder,5
lonely,5
part,5
liked,5
dedicate,5
world ,5
wings,5
stopped,5
rope,5
ring,5
rob,5
trigger,5
underwear,5
I'm-a,5
teacher,5
future,5
favorite,5
early,5
junkie,5
Coming,5
vote,5
Please,5
Flintstone,5
flex,5
grandma,5
hang,5
meal,5
golden,5
age,5
They're,5
keepin',5
bell,5
Over,5
team,5
Van,5
kicked,5
puss ,5
Sweet,5
tough,5
About,5
homie,5
prize,5
deep,5
to ,5
diss,5
introduce,5
life ,5
motherf*ckin',5
felt,5
Everyone,5
James,5
smoking ,5
ho,5
where's,5
spinning,5
due,5
chest,5
souped,5
hotel,5
routines,5
pockets,5
locker,5
agh,5
monkey,5
Woke,5
rockin,5
Captain,5
no ,5
stop ,5
below,5
pulling,5
dropping,5
fingers,5
explain,5
stack,5
Adam ,5
using,5
scheme,5
looks,5
MCA's,5
relax,5
Oh ,5
drifter,5
plastic,5
shazam,4
list,4
problem,4
Lighten,4
Caught,4
law,4
"do""",4
train ,4
chef,4
bowl,4
minutes,4
bound,4
US,4
ship,4
that?,4
(gonna,4
M.C.A,4
finish,4
view,4
that),4
soft,4
case,4
Gonna',4
kids,4
But ,4
lotion,4
dusted,4
guitar,4
change?,4
homework,4
date,4
keeping,4
Hear,4
metal,4
Yoo-hoo,4
rappers ,4
blew,4
funk,4
rocking,4
back.,4
joint.,4
wait,4
Adrock's,4
'bout,4
gray,4
3,4
Crass,4
Shine,4
nonstop,4
brouhaha,4
chop,4
pause,4
missin',4
Bam ,4
pure,4
Huh ,4
path,4
magazine,4
what?,4
state,4
dry,4
We've,4
taken,4
Are,4
panic,4
mile,4
party ,4
coconut,4
Its,4
large,4
Cheech,4
you'd,4
beings,4
Open,4
sneakers,4
wearing,4
bureaucrat,4
commercial,4
risk,4
studio ,4
looked,4
means,4
dragged,4
doody,4
"down""",4
skill,4
pour,4
Upper,4
beginning,4
Turn,4
haven't,4
tears,4
feels,4
dime,4
Jamaica,4
la,4
grease,4
M.C.'s,4
not ,4
crowd ,4
know),4
breath,4
callin',4
Stuck,4
devastating,4
secret,4
B-,4
St.,4
El,4
fact,4
star,4
Ed,4
Can,4
duke,4
center,4
fast,4
brothers,4
chilly,4
easy,4
area,4
shocked,4
realize,4
Live,4
macking,4
Watch,4
Up,4
friend,4
girlfriend,4
cuts,4
Gucci,4
pack,4
rear,4
figure,4
(That's,4
Bennie ,4
M-I-K-E,4
specs,4
moved,4
sucking,4
album,4
Paul,4
piano,4
time),4
George,4
what ,4
robotic,4
vacation,4
L.S.D.,4
drinking ,4
switch,4
America's,4
gun ,4
fishing,4
climb,4
pliers,4
sneeze,4
parents,4
at?,4
fighters,4
Try,4
First,4
soup,4
spinach,4
female,4
beautiful,4
Jam,4
She'll,4
lyric,4
price,4
hat,4
spice,4
(chorus),4
turntable,4
inspiration,4
Ready,4
Picasso,4
welcome,4
sand,4
lock,4
see?,4
wants,4
chief,4
dressed,4
tear,4
Mmm ,4
um,4
dress,4
Been,4
off ,4
sex,4
"is""",4
Taking,4
Suckers,4
is ,4
De,4
Mall,4
hammer,4
flaunt,4
mistakes,4
Something's,4
pints,4
West,4
G-E-T-L-I-V-E,4
drawers,4
B-boys,4
blood,4
match,4
dis,4
human,4
shakin',4
Chevy,4
dark,4
broader,4
tomorrow,4
!,4
boroughs,4
Shake,4
Barnyard,4
wind,4
slicker,4
(Busted),4
shock,4
crown,4
record ,4
motherf*cking,4
(want,4
Buddy,4
worked,4
girl ,4
mix,4
biting,4
Lees,4
records,4
thinks,4
evil,4
checked,4
Bust,4
cons,4
learning,4
Ey,4
yo!,4
others,4
weed,4
fear,4
bullet,4
Mic,4
reality,4
strapped,4
filled,4
blades,4
Bill,4
peep,4
safe,4
lucky,4
Ellis,4
facts,4
crib,4
"""Can",4
remain,4
locks,4
"""And",4
steel,4
stuff,4
Pulled,4
flock,4
Nile,4
FALSE,4
seven,4
began,4
windowsill,4
Bonanza,4
muthaf*cking,4
Harlem,4
per,4
lovin',4
"you""",4
Whether,4
mention,4
bought,4
moves,4
like ,4
spine,4
wave,4
stupid ,4
(Yeah ,4
rolling,4
AWOL,4
wok,4
[Chorus:],4
breaking,4
farm,4
bills ,4
speed ,4
gates,4
(if,4
stinking,4
Stop,4
everyday,4
potato,4
Top,4
bombs,4
smacked,4
trial,4
ya ,4
Paul's,4
bone,4
Cruising,4
toll,4
Why's,4
cheeba,4
hole,4
communications,4
killing,4
fight!,4
letter,4
acts,4
Through,4
zone,4
Find,4
jealous,4
notch,4
plug,4
sitting,4
lines,4
cab,4
theme,4
Rockin',4
Party,4
upper,4
disrespect,4
Michael,4
wash,4
ended,4
tin,4
tight,4
lemon,4
Nothing,4
system,4
Here,4
posse,4
names,4
turns,4
glow,4
that ,4
Peter,4
flames,4
information,4
Duke,4
bell ,4
wasted,4
B.,4
eggs,4
goofy,4
Moe,4
controlling,4
Jerry,4
blind ,4
[Chorus],4
Norton,4
flicks,4
static,4
satisfaction,4
somethin',4
elastic,4
then ,3
Waking,3
stress,3
B-girls,3
Dee,3
gears,3
Miracle,3
Fred,3
snatched,3
thorn,3
Robin's,3
Perpetrators ,3
balance,3
bumping,3
(one) ,3
decision,3
goose,3
companion,3
great,3
Christian,3
Bozac,3
hours,3
traders,3
passing,3
cuttin',3
Krispy,3
falling,3
five ,3
glad,3
River,3
D.J.,3
hysteria,3
screaming,3
sneak,3
a-finger-lickin',3
Pam,3
(oohh ,3
snow,3
act,3
Hudson,3
time!),3
Abednago),3
flashing,3
unified ,3
bathroom,3
jumped,3
miss,3
fiend,3
Mile,3
lunch,3
policy,3
carpet,3
pow,3
stir,3
dungeon,3
reviled,3
"""ooh ",3
B.Q.E,3
mohair,3
(crawlspace),3
cream,3
balls,3
Yosemite,3
Rose,3
Slop,3
styles,3
level,3
Perry ,3
Tick-tock ,3
(x4),3
alive,3
higher,3
Cookypuss,3
"""Here's",3
curls,3
notion,3
Plus,3
(Fresh ,3
damp,3
drama,3
livin',3
says ,3
limits,3
mom ,3
"""When",3
bless,3
profile ,3
on!,3
snack,3
(God,3
lumberjack,3
1,3
Ale,3
"""Gambler""",3
selfish,3
illusion,3
classified,3
Also,3
gab,3
motherf*ckers,3
"enough""",3
knuckle,3
Everything,3
polluted,3
John ,3
offer,3
woke,3
bumpin',3
older,3
Until,3
(people,3
ahead ,3
Woolery,3
(Hey,3
pox,3
towers,3
Even,3
verse,3
perception,3
Duece,3
plot,3
shell,3
coolin',3
fellas,3
fit,3
(Hurra- ,3
Bluffin,3
million,3
Sneakin',3
indeed ,3
Gogh,3
patty,3
zootie,3
go.,3
knowledge,3
Nine,3
Pap,3
engine,3
roach,3
sign,3
waste,3
anyone,3
divorcee,3
beatnik,3
herb,3
ate,3
Vaughn,3
peeling,3
Timing,3
wildin' ,3
L.I.E.,3
non-stop,3
Life,3
"now""",3
steady,3
yea...,3
forty-deuce,3
panties,3
self,3
metropolitician,3
gold ,3
Uranus,3
gots,3
an',3
single,3
fancy,3
heat,3
ass ,3
sugar,3
drivin',3
collar,3
"bitch""",3
check ,3
Special,3
wall ,3
witness,3
license,3
CD!,3
docking ,3
jam,3
Add,3
Mom,3
twenty,3
Batman ,3
doo-doo ,3
hails,3
announce,3
money ,3
Perpetrators,3
worst,3
main,3
Cormier,3
island,3
mocked,3
hear ,3
messin',3
"name?""",3
drinks,3
Chachi,3
Neuf,3
tangerine,3
defender,3
men's,3
pesto,3
Did,3
Candy,3
Makin',3
turntable's,3
Kremes,3
Hill,3
day!),3
Scheming,3
hairs,3
railroad ,3
weekend,3
worries,3
crew's,3
rampage,3
Les,3
books,3
number's,3
Joey,3
galaxy,3
Building,3
expect,3
graffiti,3
seed,3
built,3
winner,3
sometimes,3
car ,3
body's,3
tock-tock,3
Tune,3
yea,3
revolution,3
knees'll,3
shirt,3
chicks,3
less,3
Living,3
wanted,3
many ,3
subway,3
Du,3
today,3
Cast,3
Spend,3
Spock ,3
Blimpies,3
lot's,3
fry,3
peoples,3
versatile,3
Yea,3
disc,3
places ,3
bet ,3
village,3
pardon,3
Big,3
"""yo",3
son ,3
course,3
revelation,3
play ,3
rode,3
seat,3
stereo,3
Making,3
Mesmerizing ,3
hypnotic,3
records',3
B-boy,3
contemplate,3
Rhymes,3
buddy,3
gritty,3
romance,3
Sacramento ,3
pissed,3
bird,3
Ross,3
truer,3
quittin',3
Speak,3
now?,3
Flop,3
hectic,3
Rush,3
gone ,3
Whip,3
wives,3
it!),3
weird,3
Ridge,3
smocks,3
could-,3
fins,3
Themes',3
Ville,3
4:00,3
Set,3
light ,3
Ladies,3
free ,3
Serve,3
bump,3
channel,3
Side,3
Skills,3
color,3
Eddie,3
snatch,3
Matt,3
Stand,3
pray,3
Brooklyn's,3
beats ,3
colors,3
eyes ,3
Rich,3
(aw,3
quittin' ,3
sow,3
trip,3
stable,3
(Bug,3
D!,3
amount,3
phase,3
pounding,3
D!),3
2,3
rap-o-phile,3
Writers ,3
morn,3
uh,3
Okay,3
Staring,3
sent,3
weee),3
Avenue,3
favor ,3
trap,3
grooves,3
preaches,3
illest,3
fifty,3
motherf*ckers ,3
Coney,3
trees ,3
jealous ,3
sounded,3
Brownstones ,3
got's,3
straighten,3
solo,3
Eat,3
trace,3
nail,3
Wizard,3
death,3
deli,3
strap,3
week,3
spent,3
seventy,3
compared,3
max,3
Bode ,3
danger,3
creased,3
gents ,3
present,3
Lower,3
bluffin',3
craze,3
spree,3
Home,3
casting,3
Roy,3
though ,3
Today,3
fee,3
Ten,3
adamant,3
doo-doo,3
mothers,3
gather,3
Run,3
pantyhose,3
communication,3
1,3
"""Mike",3
professional,3
Dick,3
pays,3
style's,3
rappin' ,3
Sweeter,3
pan,3
page,3
Pat,3
A-1,3
tune,3
pad,3
moving,3
Canyon,3
knowing,3
batter,3
rejecting,3
whoever,3
Rogers',3
Pam ,3
person,3
ladie's,3
bout,3
spaced,3
chorus),3
These,3
couch,3
Sucking,3
base,3
Dorsey,3
flies,3
B-E-A-S-T-I-E ,3
Say ,3
"""Get",3
Hippies,3
anyway,3
bootie,3
Accepting,3
emcee,3
VIM,3
slacking,3
gents,3
skin,3
posse's,3
blends,3
scientist,3
question,3
missing,3
shitty,3
prose,3
numbers,3
Since,3
pistol,3
react,3
Knowing,3
stays,3
up-rockin',3
at ,3
Causing,3
Blimpie,3
Kotter,3
Saw,3
Diversity,3
ounce,3
D-double-O-D-double-O,3
connect,3
taste,3
Cookypuss ,3
jacked,3
"""What",3
Hurra-),3
men,3
sanctified,3
champagne,3
denial,3
poor,3
wanting,3
moccasins,3
um ,3
noice,3
Woo,3
Flame,3
Takei,3
2,3
E,3
grow,3
Takin',3
freak ,3
soapbox,3
quart,3
drop!,3
guile,3
Kool,3
hardcore,3
Coupe,3
tryin',3
droves,3
overdue,3
G,3
steam,3
diamond,3
wonderful,3
Educated,3
'Sticking,3
tough-guy,3
(Shadrach ,3
quitting,3
topping,3
passionate,3
butt,3
patience,3
captivating ,3
Concourse,3
Gum,3
eleven,3
involved,3
Boutique,3
malaria,3
lasso,3
stun,3
Sadaharu,3
gall ,3
delicious,3
horse,3
brouhaha),3
mountains,3
figured,3
Kojak,3
(lay,3
drunk,3
BVDs,3
probably,3
stolen,3
fan,3
Drink,3
shop,3
borrowed,3
suits,3
Packed,3
rap's,3
savior,3
faire,3
Sport,3
Bay,3
sunbeam,3
vex ,3
('cause,3
parties,3
shouting,3
dealing,3
Cushman,3
Stopped,3
flying,3
girls),3
bib,3
"yo""",3
Hands,3
bug,3
A.W.O.L ,3
Garden,3
least,3
Sucker,3
passed,3
beans,3
Harry,3
soup ,3
Puss,3
singing,3
school ,3
mop ,3
Patty,3
nigga,3
Style ,3
glade,3
tire,3
dance),3
crew ,3
international,3
boards,3
wise,3
dance ,3
me?,3
WINS,3
meantime ,3
Shadrach ,3
Son,3
moment,3
Still,3
hooked,3
Fruit,3
mends,3
Square,3
else,3
Then,3
punk,3
(we've,3
chill),3
why ,3
computer,3
TV ,3
Shazam,3
premier,3
she'd,3
gorilla,3
rockabilly,3
thing's,3
planetary,3
sorry,3
wop,3
disrupt,3
pullin',3
(hold,3
blowing,3
ah,3
baked,3
skyscrapers,3
goodness!),3
brown,3
Aw ,3
deck,3
(repeat,3
Carew,3
hopped,3
pasta,3
north,3
Chateau,3
M.C.A.'s,3
ma'am,3
Tammy,3
classes,3
now.,3
tests,3
slipped,3
Broadway,3
backs,3
Bleeker,3
cap,3
shifting,3
wella' ,3
He'll,3
Dianna,3
bars,3
Dougie,3
gambling,3
cops,3
(Gotta-gotta-gotta,3
begged,3
understand,3
attic,3
Same,3
(girls ,3
bodies,3
Jazz,3
feelings,3
Mca ,3
advice,3
mama,3
named,3
nasty,3
in ,3
appeal,3
envy,3
bluer,3
Pelham,3
honey,3
pinch,3
Foolery,3
Royce,3
dedication,3
Coolin',3
East,3
handheld,3
electro-shocking,3
God,3
judge,3
towers ,3
mean ,3
Strictly,3
disco ,3
eardrums,3
dealin',3
Miller,3
(three) ,3
quarries,3
upstairs,3
Rufus,3
warm,3
An,3
Miss,3
destiny,3
stealing,3
negotiate,3
Eyo,3
Fat,3
cake,3
breeze,3
horny,3
songs,3
plate,3
hundred,3
Jealous,3
down!),3
her ,3
oughta,3
PIX,3
Rod,3
wah-wah,3
marathon,3
tonight,3
looting,3
Ronnie ,3
thorough,3
inter-lockin',3
hyper,3
6,3
wide,3
getcha,3
twenty-something,3
crops,3
can ,3
feelin',3
depth,3
voices,3
Yea ,3
Working,3
deny,3
gear,3
props,3
T.V.,3
jumping,3
gotta',3
answer,3
threads,3
Knicks,3
tallest,3
Montague,3
EPMD ,3
Lou,3
Abednego,3
chrome,3
cloud,3
pink,3
uptight ,3
cracks,3
years,3
scratch),3
Born,3
Givin',3
exile,3
peculiar,3
Wall,3
newlywed ,3
tick-tick ,3
providing,3
shotgun,3
reap,3
needs,3
left ,3
Reagan,3
Cane,3
Taxing,3
reppin',3
chicken ,3
"child!""",3
'til,3
barrel,3
Strapped,2
Eight,2
mental,2
enlightened,2
hermit,2
proven,2
joke,2
garbage,2
willing,2
mislead,2
recited,2
Anhiliations ,2
cold!,2
"for?""",2
oratorials,2
cross-over,2
store,2
Sendin',2
bouncin',2
indicted,2
stale,2
prince,2
candle,2
hogwash,2
fun ,2
three-pack,2
sing ,2
jock,2
boast,2
Wait,2
who?,2
dissing ,2
parts,2
grip,2
Scratch,2
abracadabra,2
Spoonie,2
ad,2
house?,2
face ,2
chump,2
bus.,2
dragon,2
huffin',2
prophetic,2
crawl,2
sock,2
sixteen,2
Jackets,2
golf,2
bra,2
S,2
"champagne.""",2
(I,2
spit,2
Killa,2
Chillin',2
evening,2
Funky ,2
electrician,2
eighth,2
Roses,2
pursue,2
Jannet,2
gangsters,2
classics,2
"some?""",2
creeping,2
canvases,2
lifetime,2
snare,2
none,2
border,2
cure,2
Home-1 ,2
unstoppable,2
Jack,2
Write,2
Overworked,2
('cause),2
choices,2
mics,2
Bernie,2
Booo,2
bulb,2
holding,2
snaps,2
sights,2
rocks,2
here...,2
Tonight,2
"expect""",2
election's,2
times ,2
who've,2
Again,2
realms,2
Glendale,2
Helen,2
Sleepin',2
big ,2
Bear,2
crying,2
Julius,2
belly,2
lightning,2
toc,2
mark,2
Aww,2
Girl ,2
helps,2
Nice,2
bins,2
(what's,2
Feeling,2
waist,2
Jump,2
war,2
pity,2
Walker ,2
doesn't,2
circuit,2
macaroni,2
maintain,2
Alaskan,2
fried,2
phase ,2
Lincoln,2
shouldn't,2
Highness,2
Holmes ,2
vagabond,2
rats,2
grillin',2
cause ,2
country,2
KKK ,2
"""If",2
sane,2
toes,2
Impala,2
Shamus,2
homage,2
sniff,2
MC's ,2
benders,2
mackin',2
player ,2
thirst,2
Buddhas,2
tantalizing,2
hitting,2
needle,2
"man""",2
kid ,2
testing,2
Morton,2
3-pack,2
perfect,2
Ah!,2
Thanksgiving,2
shyness,2
flu,2
wore,2
Groggy,2
damaged,2
spins,2
Drakoulias,2
word ,2
towel,2
aluminum,2
oil,2
get-go,2
file,2
banditos,2
Burr,2
bazookas,2
yeah),2
Bob's ,2
masterpiece,2
labor,2
satellite,2
dumped,2
Oh cook ,2
police,2
Bonafide,2
someone's,2
hat ,2
cats,2
hatches,2
yauch?),2
selection,2
Asked,2
please? ,2
origin,2
sharp,2
Looked,2
board,2
Nick,2
checks,2
block ,2
fastin',2
blazin',2
pictures,2
writing,2
not-e,2
Keepin',2
alert,2
alarm ,2
realize ,2
live ,2
unique.,2
Levert,2
venom,2
displayed,2
picture,2
tock-tick ,2
Hfuhruhurr,2
Count,2
Expanding,2
Cable,2
E.F.,2
ster-er-eo!,2
needle-nose,2
sandwiches,2
Kangols,2
testify?,2
CIA ,2
add,2
jonesin',2
Bitch ,2
kettle,2
"days""",2
chase,2
supervisor,2
beginner,2
50,2
"""Howdy""",2
"wheels""",2
wrench,2
leader,2
holder,2
Enough,2
closer,2
strictly,2
hermitizing,2
biter,2
Reached,2
right?,2
shopping,2
rental,2
no-one,2
maskin',2
Jabba,2
phat?,2
Canal,2
Consen's,2
Brian,2
whingin',2
Shouts,2
Does,2
Cleaner,2
steak,2
Wires,2
a.k.a,2
incite,2
odds,2
brother?,2
Enter,2
shrimpy,2
"yeah""",2
skinny,2
Minnie,2
C'mon,2
Sabrett,2
ha ,2
Tour,2
History,2
Al,2
toilet,2
doin' ,2
buying,2
scarier,2
serious,2
watchin',2
"was""",2
anything,2
Ideas,2
eyed,2
molding,2
distraction,2
beach,2
(yeah?),2
brick,2
chew,2
biters,2
"""Why",2
jock.,2
rerunning,2
fistful,2
comes?,2
curse,2
know-I,2
such'll,2
Louboutin,2
ta,2
important,2
Foot,2
able.,2
fly ,2
tick-tock,2
French,2
bank,2
lawn,2
myself ,2
Honest,2
Thought,2
sore,2
truth ,2
wing,2
shout ,2
weather,2
rum,2
title,2
top ,2
tissue,2
joints,2
crooked,2
range,2
create,2
Brassiere,2
bold,2
dreamt,2
walkabout,2
days ,2
packing,2
wood,2
Ahn ,2
lets,2
lava,2
calm ,2
"""Shadrach""",2
word?,2
stonewash,2
limpin',2
itch,2
bizarre,2
burgers,2
stairs,2
disturbing,2
sequel,2
lyrical,2
whore.,2
puppet,2
supersonic,2
rye,2
billions,2
Fly,2
shrimp,2
reason ,2
chimney,2
punched,2
Lorne,2
Barrio,2
Orange,2
mother's,2
cry,2
Touring,2
pollution,2
stacked,2
changing,2
hotter,2
shoulder,2
fruits,2
head ,2
putting,2
FALSE,2
mic-to-mic ,2
classy,2
mudfoot,2
shaking.,2
beaches,2
float,2
musical,2
closed,2
Horovitz,2
a.m.,2
cruise,2
Uh ,2
formal,2
cells,2
afford,2
skis,2
sayer,2
childhood,2
Beasties,2
"""Hey ",2
finicky,2
inspiration ,2
"clear.""",2
boiling,2
peg,2
Stuff,2
Where's,2
(And,2
hoarse ,2
snuck,2
affects,2
whippet,2
delight ,2
Serving,2
wettest,2
Jelly,2
fight?,2
Dropping,2
location,2
precise ,2
Nicknamed,2
Broke,2
Ask,2
Minutes,2
Bombay,2
ages,2
each,2
addicts,2
bomb,2
turntables,2
(was,2
paper ,2
scuff,2
Munster,2
strife,2
Station,2
knocking,2
place ,2
deepest,2
Gee ,2
want ,2
Light,2
weak ,2
buns,2
lung,2
fifteen,2
feign,2
popcorn,2
timing,2
insecure,2
oh ,2
D-Train,2
evil ,2
week!,2
penny,2
Am,2
Columbine,2
about ,2
Diamond?,2
Mackin!,2
design,2
evolution,2
plies,2
turnstile,2
Remote,2
bang,2
mistake,2
Yosi,2
jockin',2
glimpse,2
Alright,2
Gras,2
E.F,2
diner,2
Warren,2
stingin',2
castle,2
driver,2
freaky,2
Glidin',2
sassoons,2
bull,2
latch,2
interconnectedness,2
Moocher,2
flashin',2
die ,2
tackle,2
wall-to-wall,2
crumbs,2
sheep,2
brag,2
jewelry,2
caller,2
asking ,2
Devious,2
counting,2
bailed,2
nevertheless ,2
Moving,2
bard,2
(fresh),2
freshest,2
friend's,2
mixed,2
Shop,2
Mardi,2
intent,2
Biz,2
smilin',2
cattin',2
remains,2
arrest,2
Ton,2
tanks,2
bees,2
debonair,2
electrify,2
cocaine,2
loaded,2
black ,2
Omaha,2
Word,2
Lungs,2
concise,2
nice ,2
Earth,2
Dolly,2
homeboy ,2
mathematician,2
Gardena,2
inside?,2
harmony,2
field,2
poppin',2
Vader,2
twister,2
stuck,2
puzzle,2
"this""",2
first ,2
apartment ,2
"""O.E.""",2
Created,2
doubt,2
horsy,2
robbed,2
Rappin',2
proud,2
saw ,2
gate,2
creation,2
win ,2
drifter ,2
y'all),2
Sheriff's,2
floating,2
persist,2
night.,2
"""Nick",2
"tight!""",2
games,2
Willis,2
famous,2
patient,2
lion,2
delight,2
shack,2
"you?""",2
jail,2
"""A",2
blackout,2
coach ,2
empty,2
cover,2
gourmet,2
clientele,2
"""Well",2
Which,2
print,2
project,2
Spinach,2
pimp,2
awnin',2
bastard,2
huh?,2
bolder ,2
meat,2
buggin',2
permit,2
deranged,2
Swiss,2
foxy,2
cringin',2
bam,2
kit,2
pimpin',2
racket,2
enemy,2
book ,2
forward,2
name ,2
Jew,2
Ya,2
mystery,2
Cruise,2
chocolate,2
Shh ,2
applying,2
shellfish,2
there ,2
shown,2
Rambo,2
Knick,2
sea.,2
U.S.A.,2
Mack ,2
story's,2
trunk,2
Policeman,2
mass,2
stall,2
people's,2
on...,2
Keith,2
task ,2
sections,2
crumbs?,2
engineer,2
calls,2
live.,2
write ,2
butcher,2
Taipei,2
ahh,2
site,2
advertising,2
rhythms,2
Hutt,2
bind,2
rolled,2
dues,2
cord,2
defame,2
bass ,2
hip-hop ,2
beard,2
buddies,2
dirt,2
playin',2
Except,2
blonde's,2
accolades,2
both,2
Rink,2
bank's,2
lives,2
Versatile,2
corny,2
picking,2
Rolos,2
millionaire,2
combined,2
Dirty,2
mornin',2
emergency,2
now) ,2
wheelie,2
setting,2
Reddi,2
joint ,2
abstract,2
hive,2
glades,2
Seeing,2
champale,2
God ,2
flipping,2
ego,2
anyway ,2
Cezanne,2
luck,2
lane,2
ever-loving,2
Doc,2
Roll,2
something's,2
visit,2
grand,2
rings,2
baseball,2
Itchy,2
raps,2
desk,2
Klingons,2
tat,2
Kings,2
diluted,2
discotheque,2
nation,2
Strawberry,2
Guy,2
stone,2
Troy,2
Should,2
drug,2
Met,2
Dwell,2
Boy,2
Post,2
spiel,2
loving,2
crabs,2
goat,2
reviser,2
"dinner""",2
Clyde,2
Munich,2
Bonaparte,2
tail,2
8th,2
Wherever,2
fu,2
cost,2
bun,2
cucumber,2
Majors,2
door ,2
D.),2
jammy ,2
blamed,2
action ,2
broach,2
hall,2
slug,2
knees,2
'till',2
lastin',2
speakers,2
TRUE,2
mackinest,2
"""those",2
pros,2
Crazy,2
batten,2
Grandpa,2
yep,2
underpaid,2
hog's,2
"""May",2
Steve,2
happened,2
lingo,2
gum,2
Toucan,2
"that?""",2
funkin',2
kung,2
Belvedere,2
Homes,2
shark's,2
onion,2
Goetz,2
vivant,2
latte,2
Hello,2
confusion,2
Weighs,2
tock,2
third,2
now?),2
bay,2
M.C,2
hit!,2
fist,2
Thomas ,2
kids ,2
owned,2
tortoise,2
Kyoto,2
driving ,2
belt,2
hotels,2
Lookin',2
held,2
sharpen,2
Homeboy,2
goof,2
work ,2
stained,2
skull,2
faking,2
frugal,2
thick,2
issue,2
rhyminest,2
seek,2
noise?,2
stadiums,2
Third,2
rug,2
corners,2
ma,2
derriere,2
breaks,2
Plane,2
wit,2
paying,2
tall,2
smack,2
elephant,2
within,2
(dy-no-mite!),2
clappin',2
trot ,2
style ,2
Charlie,2
aimed,2
hinges,2
man!,2
Internationally,2
game ,2
Lover,2
belief,2
Peepin',2
Buddha,2
gravity,2
Reunite,2
Ignorance,2
praise,2
genius,2
blessed,2
ingrain,2
switching,2
jacket,2
workin',2
mowing,2
females,2
Elevated,2
franks,2
you?,2
clay,2
baldhead,2
aware,2
jams,2
rise,2
army,2
crews ,2
muggin',2
dinner,2
Ernie,2
Thumb ,2
step ,2
patch,2
debts,2
Agh ,2
Paris,2
question ,2
almost,2
girlie's,2
rage,2
Imagination,2
bleachers,2
revert,2
gulp,2
Busy,2
text ,2
"night""",2
kicks,2
laid,2
simple,2
Bullets,2
Bahamas,2
cook,2
night ,2
"there?""",2
I ,2
Gimme,2
twice,2
Louie,2
Toby ,2
Dual,2
Ho,2
delusion,2
skeezin',2
rock-rock ,2
magician,2
B-E-A-S-T-I-E,2
Ricky,2
dawnin',2
specializer ,2
Zamboni,2
Greene,2
shinin' ,2
peas?,2
ultimate,2
Village,2
pissin',2
"""Hoo ",2
slipping,2
shift,2
Everybody ,2
dealer,2
amazin',2
Fishing,2
Young,2
Fresno,2
cop's,2
seeking,2
Wheelin',2
"""There",2
prove,2
peakin',2
treats,2
chuckle,2
M.C. ,2
backstreet,2
cock,2
Janice,2
rail,2
Dino,2
Remember,2
Whoo,2
Prefer,2
moi?,2
lips,2
Heard,2
Engine,2
sheriff's,2
mud-slide,2
J.J.,2
exactly,2
bred,2
dirty,2
souped-up,2
rap ,2
yours?,2
Nobody,2
Ernesto,2
Shit,2
already?,2
feeling ,2
Bacardi,2
fax,2
(who?),2
Rhyme,2
dookies,2
lovely,2
trashing,2
professionally,2
"""Hello ",2
that'll,2
(Ain't,2
chillingest,2
afraid,2
ablaze ,2
fears,2
Don,2
"""Hey",2
bait,2
condition?,2
Bunyan's,2
cares,2
"number?""",2
plane,2
attire,2
"""Please ",2
"""Where'd",2
quite,2
hypnotized,2
lyrics ,2
Armor-All,2
stump,2
rich,2
drawers ,2
diamonds,2
till ,2
rhyme-style,2
Vince,2
onto,2
check-ch-check-check-check-ch-check,2
longin',2
pounds,2
"""Who?""",2
goddamn,2
attacking,2
disturb,2
dunked,2
scratch ,2
recognized,2
deal?,2
fur,2
usurp,2
guides,2
Smooth,2
"bionic?""",2
 ,2
while ,2
soothin',2
wheel,2
hackers,2
rug ,2
Dedicated,2
supervisor ,2
cellular,2
steppers,2
freakin',2
draftsman,2
dude,2
Wanted,2
tartar,2
positive,2
shadow,2
cassette,2
please ,2
token,2
learned,2
knots,2
Laugh,2
rose ,2
Smoke,2
Used,2
rehearsed,2
chewing,2
tapes,2
pork,2
pinchers,2
ripping,2
Rope,2
women.,2
convinced,2
spilled,2
killer,2
york,2
muffins,2
nonsense,2
hurry,2
hiding,2
individual,2
"Carvel?""",2
jeans,2
Dunkin',2
Autograph,2
pressing,2
ticket,2
"""Thank",2
switches,2
Med,2
think ,2
Honky,2
debase,2
piss,2
Order,2
TV-shows,2
bust ,2
bowling ,2
neighbors,2
clown,2
Mowing,2
stance,2
pirate,2
lifestyle,2
yolk,2
stomach,2
task,2
shoulders,2
growing,2
speaker,2
flophouse,2
"""Hello?""",2
yo',2
schlepping,2
"""Hi""",2
billy,2
Off,2
originators,2
message,2
Bringin',2
lemonade,2
watched,2
clap,2
retire,2
Peace,2
science ,2
(What,2
duller,2
tango,2
sneaking,2
lead,2
string,2
troop,2
cold.,2
lineage,2
party-crashin',2
niggas,2
Twenty,2
Mario ,2
dying,2
one-ton,2
tonight!,2
up!),2
feather,2
oowah,2
pipe,2
Red,2
Gains,2
fish-wife ,2
Raymond,2
Fila,2
democracy.,2
rush,2
funky-ass,2
ahead,2
rays,2
prefer,2
block?,2
hologram,2
up?),2
helicopter,2
ears,2
yeah?,2
Russian,2
Cutty,2
lotto,2
boofers,2
heaven,2
coat,2
Fad,2
Sat,2
officials,2
enjoy,2
stations,2
Show,2
dollars,2
conductor's,2
slick ,2
tar,2
residuals,2
artist,2
boyfriend,2
Butkus,2
Trekkies,2
my ,2
rash,2
potion,2
"""Yes",2
packinest,2
nowhere ,2
radio,2
outlaw,2
quarts,2
"""No",2
wisdom,2
mellow,2
mold,2
Napoleon,2
cackle,2
lip,2
Pete,2
Mango,2
bubba,2
"""movin'",2
covered,2
pane,2
me.,2
morn',2
(So,2
pig,2
tongue,2
Preaching,2
Arrested ,2
bath,2
crowd?,2
Stout,2
dedicated,2
glasses,2
stayed,2
Clarence,2
Darren,2
wack?,2
elected,2
Cindy,2
twist,2
military,2
"cracking?""",2
foreplay,2
Pick,2
dutch,2
loved,2
cuffed,2
Boys!,2
limp,2
Donald,2
Was,2
mustard,2
(So ,2
rope ,2
Grab,2
chain,2
whiffleball,2
"""Beastie",2
Thunderbird,2
vibe),2
Harris,2
(One,2
Downtown,2
roaches,2
11-Sep,2
flash,2
hoes,2
Feel,2
Ah-ha!,2
blame,2
Bain's,2
bons,2
(shhh),2
curly,2
coal,2
plans,2
Revere,2
yelled ,2
Sipping,2
mint,2
keeper,2
pact,2
edge,2
grown,2
keys,2
somebody,2
brigadier,2
slapped,2
ham,2
hi-phop,2
Stevie?,2
land ,2
basil,2
grey,2
scam,2
Dance,2
rights,2
Richard,2
Lobster,2
Wingo,2
slack,2
blink,2
Ooh ,2
player's,2
strength,2
greed,2
F*ckin',2
hearing,2
while.,2
jury,2
leech,2
doors!,2
offered,2
idea,2
rehearsin',2
lamp,2
"""It's",2
Staying,2
Mish,2
eating ,2
shoplifter,2
berserk,2
David,2
functions,2
mattress,2
Diario,2
crib ,2
R.,2
"""What's",2
An',2
cholos,2
Praying,2
cotton,2
records ,2
fooled,2
loan,2
San,2
spend,2
Simmer,2
Settin',2
crane,2
Annabelle,2
rotund,2
flat,2
Lifelong ,2
won,2
Cheese,2
be-boy ,2
donuts,2
Trajectories,2
trot,2
gratitude,2
girl's,2
Snares,2
Dolemite,2
Sending,2
collection,2
A-D-R-O-C-K ,2
Loose,2
smell,2
arrested,2
tour,2
amaze,2
blind,2
headed,2
fetish,2
study,2
created,2
cheap,2
searching,2
(huh?),2
Ladies ,2
looking ,2
tweaked,2
faces,2
Guinness,2
Such,2
Kirk,2
strong ,2
tendency,2
dryer,2
Aw,2
M-I-C,2
rhythm ,2
headphones,2
L.A.,2
demand,2
apply,2
thirteen,2
easier,2
love ,2
cab ,2
tantalizing ,2
Known,2
explode,2
Damn,2
rusted,2
Hazel,2
empty ,2
Elvis,2
cornbread,2
wack ,2
Py,2
mojitos,2
need?,2
Coyote,2
do ,2
Other,2
Dharma,2
Caprese,2
honest,2
Cerrone,2
salugi ,2
spandex,2
Head,2
eternity,2
oui ,2
iced,2
fluorescent,2
Amsterdamn,2
sheets,2
"""Take",2
Albee,2
Gettin',2
bubble,2
holler ,2
Will,2
notch ,2
"""Anytime",2
sack,2
Matzoh,2
"""Hello",2
Dust,2
hand-me-down,2
Girlies,2
Seen,2
tippy,2
mine's,2
upset ,2
regret,2
Billy,2
Scream,2
KFC,2
procrastin',2
(She,2
lefty,2
'83,2
Ave.,2
Excuse,2
Baby ,2
sport,2
sayin'?),2
lose ,2
rocked,2
clothing,2
cashier ,2
all-knowing,2
Oowah,2
bank ,2
awaken ,2
Amy,2
Actin',2
cast,2
sawed-off,2
vidi,2
puttin',2
Colonel's,2
swingin',2
serious ,2
screams,2
tier,2
initials,2
Club,2
bleed,2
nag,2
skateboard,2
conform,2
long-leaner ,2
Electricity,2
lyin',2
Blowin',2
Sneak,2
beer ,2
hurricane,2
girdle,2
mother ,2
full?,2
Sweating,2
peaking,2
fraternity,2
tee,2
hard ,2
Piggy ,2
African,2
Next,2
girl?,2
today?,2
ten-ten,2
&,2
skiing,2
Kicking,2
craftsman ,2
Lucy,2
Betty,2
Cash,2
yea ,2
eagle,2
bullets,2
hallway,2
hittin,2
Ben,2
"hey""",2
follow,2
we ,2
Lisa,2
sexy,2
manager's,2
weapons,2
hu-huh ,2
me!),2
lickin',2
Penn,2
summer,2
stared,2
"""Cooky",2
connected,2
Alice,2
qualified,2
travel,2
Ad-Rock's,2
crumbs ,2
advertisers,2
Abe,2
"""oh",2
drums,2
Routines ,2
thrift,2
seas,2
roll ,2
trout,2
foot,2
small,2
terse,2
"from """,2
Putting,2
let ,2
Mutual,2
pages,2
cheddar,2
mirror ,2
Free,2
stepped,2
insurance,2
ducking,2
stoppin'!,2
beating,2
Phyllis,2
raised,2
y'all?,2
sheer,2
walls,2
crawlspace,2
Method,2
arena,2
cabinet,2
afternoon,2
rhymes.,2
meet,2
skip,2
Nasty,2
peanut,2
stoats,2
Walkman,2
spam,2
spill,2
blowin',2
Yauch ,2
Waiting,2
stormy,2
mistaken ,2
one),2
Lewis,2
sparks,2
pro,2
streets,2
vibes,2
(huh),2
Einstein,2
usin',2
school.,1
Cairo ,1
fed,1
au,1
chillin' ,1
Reelin',1
wooler,1
happenened,1
schoolin',1
sassy,1
forever,1
Sac-town ,1
scopes,1
score,1
bud,1
notated,1
treble ,1
DC,1
camo,1
urgency?,1
vantage,1
whiffed,1
Invite,1
perm,1
"""Danger ",1
advanced,1
Brought,1
mousse,1
chased,1
Popeye,1
Tissue,1
cooky,1
genie,1
cousin,1
nig,1
catch?,1
bake'em,1
cheating,1
image,1
mistakin' ,1
peep-show,1
aah!,1
direction,1
Ri-ri-riot,1
protections,1
Nova ,1
do-re-me,1
prom ,1
haters,1
squad ,1
sit ,1
leaving ,1
FedEx,1
desires,1
Damme,1
visor ,1
knife,1
Shirley,1
cooler ,1
Mention,1
kaboodle,1
suckas,1
Claude,1
Strange,1
penicillin,1
Shackleton,1
Boom,1
lining,1
bet!,1
flag,1
bitten ,1
"""Troll",1
"""beat",1
bones,1
flop,1
beer),1
nights,1
trote,1
Trump,1
accountants,1
rink,1
forests,1
Spread,1
dig,1
fools,1
Steady,1
thing?,1
"MC""",1
hip ,1
Jackson,1
wrestler,1
shakes,1
grows,1
Whipple,1
perpetrating ,1
prays,1
Stripe,1
crack?)__,1
paddle,1
uses,1
tombstone,1
bus ,1
freaks,1
banks,1
effect,1
no!,1
Brook,1
stiffs,1
baselines,1
doofus,1
Brad,1
dreamed,1
anybody,1
Flashing,1
ornithologist,1
sizzle,1
Crank,1
said:,1
fated,1
lane?,1
Zulu,1
grazin',1
Falwell,1
Better,1
Scarin',1
walked,1
G-spot ,1
men ,1
actions,1
Chillout,1
schizophrenic,1
one-wheel,1
Communicator,1
Juanito ,1
scopes ,1
(laughter),1
underneath,1
mathematics,1
everybody's,1
Trans,1
good-bye,1
conquer,1
hello,1
pioneers,1
Shea,1
Hedron,1
McCann,1
Yup,1
void,1
"""Is",1
Whoo ,1
underground,1
Moi ,1
Shantideva,1
Water,1
trains,1
"them""",1
O.E,1
mosh,1
"can't"" ",1
search,1
Luke,1
Thumb,1
gefilte,1
Radar,1
nada,1
questions,1
unit,1
knowledge ,1
growellin',1
rhythms ,1
Fessin',1
easy:,1
parrot,1
peeps,1
club,1
rollin ,1
grandpapa,1
tube,1
'cha,1
matter,1
cuss,1
pastry,1
fondue,1
omelet,1
E.,1
A7,1
"Lucy""",1
technique,1
ethereal,1
Hating,1
boar,1
'caine-filled,1
Boy ,1
profit,1
filthy,1
"didn't.""",1
K-I-D ,1
Excitement ,1
surely,1
dot,1
gowns,1
wooly,1
Automatic-systematic,1
mature,1
fff,1
received,1
three-legged,1
emcees ,1
echo...I'm,1
Buy,1
circle,1
bruising ,1
girls(x3),1
a-writing,1
par,1
Japanese,1
"""Suzy",1
junk,1
eighty,1
Wyllie,1
assume,1
(M.C.A.),1
alibi,1
Davey,1
annoying,1
training ,1
Hollywood ,1
Gonna ,1
She'd,1
trail,1
destruction,1
breed,1
refrain,1
peeler ,1
intimacy,1
blue ,1
Rover,1
deep-sea,1
fate,1
thee,1
rapping ,1
P.A.,1
blanche ,1
(M.C.A.,1
Brazilian),1
julep,1
Palmers,1
reading,1
Drown,1
wait ,1
sweater,1
pemmican,1
(beer ,1
spread ,1
sewn,1
winter,1
Ear-ons,1
happening,1
panning,1
growing's,1
dancing,1
fries,1
Beastie-Beastie,1
pissing,1
billion,1
freaked,1
liquor,1
why),1
recipient,1
upstate,1
Join,1
pre-roll,1
4...,1
b,1
plain,1
folk's,1
sucka,1
bedonk,1
make ,1
perfection ,1
Toulouse,1
quills,1
conscience,1
MLK,1
rag-tag,1
shelves,1
Gorf ,1
intercourse ,1
"""we",1
despite,1
seem,1
Smurf ,1
girlgolden,1
beast,1
declare,1
damn),1
Possession,1
Professor,1
baller!,1
more ,1
Lies,1
checkin',1
underage,1
shrubery,1
turtlenecks,1
biggest,1
fortified,1
approach,1
guys,1
Next ,1
intuition,1
junkyard,1
it'll,1
scrabble,1
Driving,1
wallet,1
trumpets,1
page ,1
Dribbling,1
shugie,1
helpless,1
names ,1
A-finger,1
Instead,1
Checks,1
Pickpocket,1
"""On",1
lace,1
ale ,1
Diller,1
ball's,1
Orange ,1
Putney,1
selections,1
waking,1
stabbed ,1
skunk,1
writer,1
Pay,1
acres,1
Andretti,1
chips ,1
World,1
drum,1
pitch,1
lockers,1
Construct,1
washes,1
stoop,1
Cult,1
Nasty ,1
Blitzer,1
disturbs,1
blues,1
Bay-town,1
Childen,1
solidify,1
bashing,1
Bum,1
Tasty,1
E:,1
Cruex,1
Sagan's,1
mojo,1
cookypuss,1
stool,1
seven ,1
Gloucester ,1
odor,1
vegetarian',1
secrets,1
Danson,1
Lateef,1
sweeter,1
twisted,1
Pullin',1
reached ,1
formaldehyde,1
on...on,1
shower ,1
phony-paper,1
forced,1
pick'em,1
breeds ,1
accountant,1
spangled,1
if ,1
week ,1
Chef,1
City ,1
finesse,1
scorching,1
pudding's,1
grape,1
rebuilding,1
vow,1
cooped-up,1
one-two-one-two,1
Fall,1
Al-a-f*cking-bama,1
kite ,1
disarm,1
laggin',1
sunshine,1
long...,1
Music,1
go!,1
"Skelter""",1
F*cking,1
Petite,1
Titles,1
Paying,1
Que,1
eggings ,1
dramatic,1
Gardner,1
backs ,1
Bullwinkle,1
fortune,1
Bionic,1
Dickens,1
Ri-ri-right,1
Ferment,1
ride?,1
race ,1
sounding,1
seams,1
Shaq,1
boulangerie,1
off),1
lesser,1
eater ,1
1992,1
schism ,1
lederhosen,1
go...,1
calibrate,1
sorrow,1
7-Eleven,1
rippin',1
trains ,1
whine,1
mafioso,1
Ones,1
eighties,1
titties,1
Puerto,1
O'Houigheighi,1
awakening,1
Comes,1
lacing,1
P:,1
Alfred,1
advance,1
truth?,1
tossin',1
complaining,1
megsy,1
Greg's,1
tweaking,1
deaf ,1
bedroom,1
Tri-State,1
D.'s,1
vibrations,1
m.c.s,1
pudding,1
rang,1
"""God",1
newcleus,1
8x10 ,1
All-Temp-A-Cheer,1
hungry,1
"""H-H-Help",1
Round-house,1
ink,1
ring-ding,1
letters,1
coach,1
cultures,1
Green,1
B-Boys,1
Linda,1
double,1
ADRock ,1
Recipe,1
milking,1
wigs,1
buck,1
bug ,1
mood,1
Maggie's,1
Rhyme's,1
cautious,1
Dreaming,1
"way!""",1
'ya,1
glory,1
aboard ,1
layman's,1
dismay,1
Undetected,1
outside ,1
score ,1
4,1
Sophisticated ,1
lots,1
surprised,1
distant,1
Leon ,1
joints...it's,1
mopped,1
zodiac,1
Ninth,1
P.G.A.,1
yes-man,1
"with""",1
stories,1
"mature""",1
Brass ,1
Foots,1
R&B;,1
testin',1
ba,1
Clean,1
inspect,1
Xenon,1
beak,1
peak,1
Hal ,1
don'tcha,1
wrong ,1
extinct,1
x-rated,1
Charles,1
B-Boy,1
ecstasy,1
"here""",1
"Island""",1
kin,1
nutter,1
OK,1
politicians,1
Uhh,1
(fresh ,1
Tramp,1
Shadi,1
cake ,1
gap,1
Wooo ,1
Chi,1
swimming,1
Jive,1
six ,1
Weird,1
turned,1
icicle,1
Humpty,1
going?,1
spastic,1
Aghhh....,1
antique,1
Page,1
Bazooka,1
Gorgonzola ,1
underchallenged,1
source,1
raw,1
sweat!,1
Newton ,1
d ,1
yard,1
Butcher,1
laugh ,1
forehead,1
Nas ,1
[Instrumental],1
Whiplash,1
"ma'am.""",1
platform ,1
audible-visible ,1
spa ,1
parasite,1
mind-f*ck,1
boney,1
Sweetie,1
holler,1
extreme,1
Love,1
magnet,1
O-N-Y,1
schnooks,1
homes ,1
fakin',1
planted,1
freestyle ,1
Purdie,1
Dancing,1
Check-it-check-it,1
Served,1
Scandinavia,1
"""Say",1
Huh?,1
skirt,1
(Australian),1
finally,1
bear ,1
Punk,1
Fronters,1
(Stick,1
Tyrannosaurus,1
hmm?,1
fanny,1
"""Man ",1
Postulating,1
hunted,1
benches ,1
(Ray),1
Pumas,1
gravitation,1
bidet,1
noun,1
Awww ,1
Lego,1
No ,1
scientific,1
often,1
Flowin',1
starting,1
brat,1
writin',1
Yauch's,1
hill ,1
Knife,1
drilling,1
terminator,1
tires,1
unjust,1
"""Excuse",1
"talent""",1
press-on,1
Tex,1
phoneless,1
burger ,1
buffalo,1
lounging,1
fronting,1
Jeb ,1
ox ,1
mixtape,1
confrontated,1
meaning,1
cloudy,1
privacy,1
awhile,1
begins,1
Dumpty,1
yeah-ahh,1
colder,1
scale,1
brandy,1
kitten,1
ponytail ,1
treaty,1
hairdos ,1
it'd,1
Glamor,1
decide,1
Jones',1
system ,1
shelter,1
3000,1
scratching,1
"ya!""",1
b'woy,1
kingdom,1
flippin',1
wheeling' ,1
'40,1
pineapple,1
images,1
toaster,1
levels,1
opportunity,1
manuscript,1
father,1
Pimpin',1
injected ,1
medallion,1
anyplace,1
Daily,1
Fifi,1
Murray's,1
sneaky,1
Snatched,1
hazel,1
Breakdancers,1
Paulo,1
baby!,1
soda,1
knit,1
dummy,1
Dante,1
Wines,1
tapped,1
Wow ,1
spinner,1
"Mike""",1
loot,1
Avaiable,1
expectorants ,1
"set""",1
flatter,1
unaware,1
Dance ,1
walkin',1
shawl,1
whore,1
Cucumber,1
fanfare ,1
Sea,1
getta,1
tarter,1
Chance,1
lotta,1
blanks,1
Cheaper,1
detector,1
spazzes,1
lawyer ,1
Loom,1
Jewish,1
pealer,1
Winnie,1
pancake,1
Flavor,1
Sad,1
run ,1
paris,1
J.D's,1
licks...,1
shoocken ,1
shots,1
Huggy,1
Leghorn ,1
Quentin,1
Caps,1
rappers?,1
Bound,1
lucky ,1
coo-coo,1
report,1
You-N-I-T-E,1
Dylan,1
"""Whooooo..",1
Adam.,1
shook,1
Bagel,1
killa ,1
Ave,1
towards,1
pigeons,1
mushed,1
chilling,1
badges,1
earth ,1
rye?,1
notice,1
machine,1
Raised,1
guns ,1
disrespected,1
truckin',1
shooting,1
zoning ,1
fantasy,1
fought,1
(Oh ,1
dog ,1
Dechen,1
Produce,1
hoping,1
tyranny.,1
flossing,1
Miami ,1
society,1
heated,1
finkin',1
take'em,1
pootie,1
"MC""s",1
replicant ,1
Cops,1
squads,1
shoopa,1
(blood,1
glamour,1
milk ,1
le,1
intense ,1
Sanford,1
Mary,1
Sweeten,1
Is ,1
Sittin',1
Easy,1
bugaloo,1
settle,1
UltraBright,1
Lookin,1
nicer,1
Town,1
motion ,1
hash,1
paid ,1
caramel,1
"cell """,1
Latrec,1
frames,1
stressing,1
scams,1
movies,1
police ,1
dialed,1
they'd,1
Predetermined,1
goodbyes,1
shasta,1
grace,1
profitable,1
Travis,1
cow,1
harris,1
majors,1
microfilm,1
behavior,1
mainstream,1
[Parrish,1
muffin ,1
boogaloo,1
mullet?,1
thorny,1
bite ,1
Sniffin' ,1
schoolly,1
shore,1
studio,1
else;,1
Le,1
financing,1
tubes,1
feast,1
concepts,1
fiber,1
Starks,1
smoked,1
bounty's,1
flange,1
limos,1
kaya,1
Dick's,1
Hampty,1
(ayah),1
Louis,1
delivery,1
(Yo ,1
drain,1
horizon,1
goodbye,1
buried ,1
navigating,1
cut-throat,1
revving,1
2000s ,1
pushed,1
Deep,1
they've,1
rhythm's,1
smashed,1
crosstown,1
carte,1
packed,1
text,1
know......,1
troubles,1
Race,1
kills,1
pandemonium,1
commando,1
Neve,1
tub,1
California,1
junction,1
"name""",1
wars,1
Bodhisattva,1
limericks,1
whatever,1
Cheap-skate ,1
telephone,1
haircut,1
spaces,1
Nenis,1
snowballing,1
free?,1
disgusted,1
sixes,1
fizzy-lifting,1
Larry,1
Park,1
fold ,1
Philly,1
income,1
unless,1
colors ,1
watered,1
'round,1
committee,1
opened,1
Samsara,1
complication,1
Didn't,1
mathematical ,1
mixes,1
jism,1
Stems,1
tickets,1
mad-man,1
red ,1
Dropped,1
hullabaloo,1
instant,1
wizard,1
Reach,1
treated,1
wingtip,1
home-piece,1
wick ,1
died,1
runnin's,1
loud ,1
"Boys""",1
repressed?,1
Soldier ,1
cooked,1
thus,1
(Word!),1
clutch,1
Pack,1
Look-Ka,1
Than,1
Housing,1
listenin',1
whoo,1
Equinox,1
saki,1
shits,1
punch,1
exact,1
brass,1
Prostitutes,1
okay?,1
scenes,1
"boy""",1
waning,1
"society?""",1
candy,1
impossible,1
parade,1
"die"")",1
Lyrics,1
young ,1
riggin',1
anus,1
imagery,1
reels,1
eight-oh-eight,1
"money""",1
Broadway ,1
sleight,1
chapter,1
"said...""",1
request,1
Harthorne,1
already,1
creepy,1
moog,1
boomeranging,1
(hah ,1
Clouseau,1
challenge,1
peaks,1
horizontal,1
flounder,1
shvitz,1
lot ,1
poem,1
Victoria's,1
flamethrower,1
yag,1
wanna',1
incision,1
zags,1
finkinest,1
boyfriend ,1
secco ,1
corporate,1
America,1
Moby,1
blaster ,1
mojito,1
robbing,1
die!,1
stromie,1
feed,1
muffin,1
pissing ,1
"""Oh!""",1
Tic,1
buffin',1
happy ,1
versus,1
Mookie's,1
bugged-out,1
thin,1
awful,1
clubs,1
trigger ,1
hungry ,1
Stepped,1
victor,1
douche,1
Fox,1
talent,1
galilla,1
Day,1
clowns,1
cabana,1
fanatic,1
doubts,1
you;,1
scalpel ,1
Fourteenth,1
worries ,1
havin',1
faithless,1
Yours,1
zits,1
cabbage,1
Raphael,1
Roper,1
dozin',1
Ron,1
roar ,1
Nigga,1
hesitation,1
shop ,1
cleaner,1
I-me ,1
Hmm ,1
hype,1
attack.,1
shove,1
strung,1
sluff,1
flowing ,1
Moet ,1
Adidas ,1
dismantle,1
pappy,1
Hell's,1
blunt,1
Bruce,1
oaf ,1
growin',1
Crocs,1
also,1
I-Got,1
Joyce,1
gratitude.,1
noodles,1
sixteenth,1
attractions,1
shave,1
elbows,1
m,1
dive,1
fury,1
Motel,1
Brady,1
rare,1
A-d-are-o-see-k,1
purpose,1
Burger,1
intention,1
blender,1
Yeehaw,1
contemplation,1
Wise,1
librarians,1
gimme,1
lighting,1
Atop,1
screwing,1
phat,1
Threw,1
said),1
al,1
cloned,1
crotchspace?,1
turn-style,1
heavens,1
drowning,1
panache,1
is?,1
packing ,1
shot ,1
"Wheezy!""",1
gay,1
cruising ,1
Straight,1
combination,1
Simmons,1
utter,1
tights,1
runnin',1
Cirque,1
Bly,1
breast ,1
Mr,1
raid!,1
symmetry,1
freaking,1
(Lady),1
lifted,1
Terrorizing,1
food,1
Solid,1
advantage,1
vex,1
radium ,1
long-distance,1
doggone,1
"""Cookypuss ",1
winds,1
80s ,1
Checkers),1
plaguing,1
kleptomaniac,1
dozen ,1
Dragnet,1
pace,1
salmon,1
tomato,1
Deuce,1
Latrell,1
sake,1
ball-flapping ,1
Sliding,1
square,1
(Hit,1
dicked,1
1200's,1
Twenty-two,1
high-hat,1
boy-ee,1
oui,1
evacuate,1
degrees,1
spite,1
kung-fu,1
program,1
smokin' ,1
needles,1
sensurround,1
slam,1
Jamaican,1
comfortable,1
drags,1
Meters,1
Seasons,1
cringe,1
around?,1
Posing,1
Fo',1
cosa,1
"""Good",1
"""what?""",1
Customs,1
beg,1
Intentions,1
wires,1
upright ,1
punks,1
laugh,1
loaded ,1
prophet,1
super-dooper,1
microphones,1
shit'll,1
ugly.,1
cue,1
messed,1
older ,1
spoken,1
Italian,1
boardwalk,1
"say""",1
"""Never",1
non-violent,1
sealed,1
sting,1
high-rise,1
fizz,1
coated,1
"ready""",1
recliner,1
mailboxes,1
ease,1
2000,1
proof,1
Rope-a-dope,1
sense,1
Caldato,1
arm,1
realer,1
Meyers,1
worthwhile,1
(yup),1
reply,1
Jeckyl,1
pooper,1
Haymaker,1
decline,1
breast,1
rushing,1
CDs,1
placed,1
L.,1
mutual,1
brownie,1
ban,1
grudge,1
circumstances,1
(c),1
lice,1
meanwhile,1
pickin',1
connection ,1
Leggo,1
cheesy,1
fingerprinted,1
MCing,1
wildness ,1
Reunited,1
Tearin',1
checkout,1
service,1
molte,1
Yen,1
beaters,1
Caduceus,1
Rectify,1
"go.""",1
(looking,1
springtime,1
tee ,1
Martini,1
(ew!),1
berzerk,1
Go!!,1
ribbon,1
leach,1
ambitions,1
15,1
Perignon,1
holiday,1
emcees,1
Sale,1
mantis,1
wilding,1
readin,1
Spaulding,1
flak,1
Box,1
Trench,1
knocked,1
comatose,1
gosh,1
mows,1
Drop,1
milkin',1
Hurricane's ,1
election,1
salad,1
Keno,1
"""G-G-G-Get",1
Quincy's,1
cusp,1
notes,1
Letter,1
ago,1
pressure,1
reigns,1
rhyming,1
bee ,1
DA,1
satisfied ,1
protest,1
discover,1
mechanic,1
Holland,1
tibet,1
beef ,1
savoir-faire,1
complain,1
swing ,1
Rodigan,1
Fifty,1
Rolling,1
Listening,1
tuck,1
Distractions,1
Issac,1
critical,1
poet ,1
automatic,1
Them,1
wicky-wack,1
Scott ,1
carrying,1
lays,1
lock ,1
melon,1
Pretty,1
sucker!,1
made ,1
spoke,1
consciousness,1
sexual,1
c'est,1
cuffs ,1
(super,1
bezerk,1
Tony's,1
pitcher,1
FD ,1
dripping,1
primary,1
gestation,1
fire?,1
(inaudible),1
Layin',1
fire ,1
Brad's,1
straining,1
bobby,1
C.O.D.,1
crawlers!,1
Lefrac,1
E-pills,1
stats,1
feds,1
a ,1
firmware,1
"be""",1
dawn ,1
anytime,1
Whoa,1
crews,1
Smoking,1
chains ,1
Blanche,1
Above,1
Sippin',1
muscle,1
embark,1
waitin',1
homey,1
Letting,1
races,1
May,1
phenomenon,1
laughter,1
money-hungry,1
"up""",1
hanger,1
dare,1
sink,1
steeple,1
Merchant,1
ow,1
asks,1
Amaduous,1
catch ,1
Galaga,1
HEY!,1
Ahead,1
Rap,1
pretended,1
dish,1
Britt,1
Koch,1
material,1
Benz,1
difficult,1
pizazz,1
Bam,1
Times,1
chamber ,1
viciously,1
Rizzuto,1
dog's,1
droppin',1
powered,1
been?',1
patrol,1
soothed,1
monthly,1
wenches ,1
Brandy,1
you...,1
arise ,1
Gandhi,1
Hasbro,1
unlockable,1
Naugels ,1
respect?,1
father ,1
Pussy,1
preaching,1
stretchin',1
Matthew,1
Clap,1
Spent,1
Stone,1
Operation,1
rapper,1
Bird,1
yield,1
shawl?,1
fans ,1
confronted,1
tipping,1
K ,1
bow,1
Elf,1
"Sasquatch!""",1
platform,1
Gliding,1
designs,1
dishes,1
SP12,1
juice ,1
Archie,1
"""",1
front ,1
Clown,1
seventeen ,1
cursing,1
addition,1
Ya!,1
(shit),1
O'Houlihee ,1
bubbling,1
taught,1
Spanky,1
Tho,1
Breathing,1
panasaursas,1
hatred,1
Steal,1
hanging,1
"louder""",1
Cadillac,1
"longhair """,1
job ,1
Pad,1
fog,1
Foghorn,1
tastes,1
able,1
telefonate,1
maxer,1
era,1
contention,1
musician,1
filleter,1
shining ,1
savor,1
Mathew,1
holds,1
"man!""",1
So,1
clams,1
leaves ,1
aww,1
expanding,1
Everyday,1
mess,1
dip,1
twelve,1
Fiending,1
intercontinental,1
Makes,1
Post ,1
Shawn,1
Antic,1
class ,1
limos ,1
Butt,1
pressed,1
Spillbee,1
Miller ,1
Overripe ,1
Bob's,1
Great,1
burning,1
billionares,1
Cornelius,1
Shamrock,1
9000,1
"Robinson!""",1
nine's,1
stomping,1
drive-through,1
Creation,1
motherf*cker's,1
gut,1
Danger ,1
worn,1
raping ,1
Goodness,1
Fisher,1
Information,1
Racism,1
why'd,1
Insane,1
galime ,1
Nothin',1
sifted ,1
votes,1
soap,1
Waxin',1
chilly ,1
possibly,1
hogs,1
wins,1
slingshot ,1
d.f.l,1
Cool,1
Coffey ,1
chalice,1
Kid,1
they ,1
(Ted,1
Respect,1
or...,1
professor,1
tax ,1
gold-finger,1
chateau,1
Prostitutes',1
Vicious,1
gotcha ,1
Friggin',1
penis,1
"noise?""",1
quest,1
battle?,1
left?,1
911,1
moon,1
rider,1
"rest.""",1
Mike's,1
Somebody,1
reelin',1
periphery,1
all-time,1
twenty-four,1
botch,1
Wait...that,1
red-line,1
sentence,1
dictionary,1
"""Fore!""",1
shootin',1
Goodyear's,1
grammar ,1
angles,1
suffice,1
October,1
BMW,1
spank,1
Hate's,1
fatted,1
plex,1
stinking ,1
poltergeist,1
classes ,1
steals,1
(Burp),1
Rise,1
shocking,1
dept,1
Freak ,1
Update,1
lab,1
turban,1
Duke ,1
mud,1
rake'em,1
sham,1
Garvey,1
breakers,1
Wylie,1
wheat,1
joanie,1
readin',1
cups,1
Newman,1
(??),1
multiply,1
drink ,1
mindf*ck,1
Rip,1
gifts,1
Bee,1
trees,1
Atlantic,1
deathbed ,1
Pow!,1
nasal,1
D.I.Y. ,1
Stealing,1
nap,1
silence,1
taxing,1
real'a,1
Grabbed,1
division,1
educating,1
bozak,1
Human,1
six-pack,1
maidens,1
parameter,1
product,1
thought ,1
plutonium,1
suspect,1
snifter,1
definition,1
crme-de-la-crme,1
comin,1
Niggas,1
uptone ,1
odometer,1
sky ,1
matzoh,1
strikes,1
drives,1
Shazam!,1
m.c.a. ,1
suck,1
shuffle,1
correction ,1
resenting,1
haul,1
massing,1
Geraldo,1
roast,1
monetize,1
wife?,1
sucks,1
(so,1
profilin',1
Miami,1
slippery,1
full-time,1
topic,1
drop?,1
clientele ,1
"fabriques?""",1
potatoes ,1
Huh,1
tacks,1
"you""""",1
exposed,1
day's,1
shouts,1
huntin',1
transit,1
Nobody's,1
Smith],1
shockin',1
"name.""",1
palms,1
flipping ,1
above,1
command,1
good!),1
vicking,1
little ,1
merrily.,1
inherit,1
Shtupping,1
Ugg,1
Davis-quality ,1
river ,1
Feast,1
gangster ,1
AT&T;,1
Death,1
understand ,1
streaker,1
classic,1
Moet,1
leads,1
Boys ,1
down?,1
shorts ,1
sniffin',1
tip ,1
OTB,1
Livin',1
egg ,1
be-boy,1
prairie ,1
different,1
Ham ,1
earthquake,1
slay,1
escalated,1
D-train,1
bike,1
Costello,1
Point,1
damn ,1
mobster,1
ya',1
flirt,1
C ,1
withdrawal,1
transition,1
Walt,1
parsley,1
strings.,1
anvils,1
peepers,1
Rice-a-Roni,1
earned,1
cower ,1
make'em,1
tu,1
Those,1
hellos,1
locust,1
equations,1
Play,1
grimy,1
Everyone's,1
join,1
supplies,1
iller,1
plants,1
busters,1
there'll,1
crabs!,1
Jeckle,1
cement,1
Roberta,1
Salley,1
best ,1
Naturally ,1
yachts,1
Hearers,1
depths,1
Swope,1
cheech,1
flack,1
Boutique ,1
cunning,1
lord,1
hips ,1
eardrum,1
towel ,1
rainy,1
clear ,1
town ,1
Rican,1
complicated,1
ridin',1
Yea..,1
doo,1
Sueth,1
Shamrock ,1
W.O.M.D.'s,1
erase,1
Toe,1
movie,1
one's),1
begun,1
belong,1
dogged,1
Hitting,1
Thigs,1
hap-pen-ning?,1
catalog,1
Scooby,1
furnace,1
antihistamines,1
tough!),1
Raw,1
Traces,1
stand ,1
bindings ,1
represent,1
dustin',1
wheels,1
Ian,1
are?,1
broadway,1
takin',1
chair,1
younger ,1
(danger,1
Ten ,1
Fleetwood,1
man's ,1
Trench-coat,1
stylus ,1
"""Oh ",1
over-cranked,1
Do-you-right,1
dud,1
We ,1
Throwing,1
BAM,1
Scilken,1
Andre,1
AdRock ,1
One-half,1
continue,1
broken,1
90s ,1
Horovitz ,1
few,1
sumo,1
runny,1
household,1
Tate,1
problems,1
"in!""",1
fridge,1
gonged,1
salute,1
Torching,1
Surgeon,1
JC,1
"""Do",1
News,1
frank,1
prove?,1
silly,1
sousaphone,1
Vigoda,1
ski,1
knight,1
Anthony,1
Ultra,1
Drunken,1
"""Mine",1
"fire""",1
farther,1
Dam,1
hairy ,1
why?,1
Shoes,1
crullers,1
Old,1
Scandelescent,1
nurse,1
Ondo,1
size,1
bonafide,1
Carefully,1
dates,1
bang ,1
AKA,1
bizzle,1
claps,1
baking,1
blaze,1
homey ,1
throttle,1
fail,1
Mm,1
Rivera ,1
Cookypuss's,1
staying,1
Stick,1
dealt,1
booked,1
physical,1
carousin',1
So!,1
truly,1
Parton,1
Ha ,1
curve,1
thunder,1
wool?,1
drivin ,1
pressure ,1
vision,1
timbos,1
smaller,1
Buffalo,1
unborn,1
ione,1
notify,1
scholar,1
B-I-N,1
Stadium,1
whirlpool,1
cheaters,1
technology,1
buffin' ,1
leanest,1
Hip-hop ,1
Saadiq,1
rewind/pause,1
pump,1
Throw,1
Carte,1
rock...,1
involved ,1
butter ,1
Holler,1
squeeze,1
Mormon ,1
Leon,1
papers,1
"""in",1
impeach,1
clot ,1
cellular ,1
tailor,1
hill,1
sonar,1
Technic,1
kickin,1
Pitt,1
Colombo,1
bunch,1
"chic""",1
"""Crock""",1
two-way,1
fetch,1
rule,1
mutter,1
citizens,1
bottles,1
altruistic,1
Hits,1
trusted ,1
contest,1
overflowing,1
chachi,1
"""k-pap""",1
survive ,1
grew,1
"""Outta",1
fever,1
underrate,1
guaranteed,1
loser!,1
montaquilla,1
Ray,1
Marsala,1
Arthur,1
grannies,1
vices,1
knuckle-head ,1
(FD,1
Davis,1
grinnin',1
fad,1
d-train,1
Beijing,1
Bette,1
lawyers,1
challah,1
pocket ,1
scrapes,1
none!,1
"minute..""",1
multo,1
binso,1
androids,1
hobby,1
Nick's,1
n'est-ce,1
roof ,1
nick,1
Splenda,1
schematics,1
lived,1
crazy-ass,1
Peter?,1
Pump,1
mojo's,1
sec?,1
experienced,1
care?,1
Bombay ,1
"here?""",1
lickle,1
Morrow,1
Vu,1
Titles ,1
Espaa,1
highest,1
coup,1
slight,1
"yeah!""",1
Otis,1
pleasure,1
Skate,1
bummy,1
Bringing,1
Bombing,1
snitch ,1
"""Wohoohaa..",1
pillage,1
Robotron ,1
hinges ,1
insane ,1
awkward,1
Dakleys,1
crackhouse,1
ticky-tack,1
snitch,1
Roda,1
Peterson's,1
Yee,1
inspirations,1
world?,1
filibuster,1
Galileo,1
Riddle,1
...,1
ping,1
dick's,1
gardena,1
k-rob,1
wishing,1
pumping,1
medina,1
Halloween ,1
Zoe,1
Chapter,1
Mama's,1
I-I,1
harm,1
grade,1
elixir,1
squirting,1
ed.,1
people ,1
mission ,1
yauch,1
Wonder,1
downtown ,1
Transmitted,1
D?,1
yeah-ah!,1
cents,1
Sam ,1
Doin',1
screw,1
swear,1
hay,1
J,1
chewin',1
wipe,1
shield,1
"joint""",1
throngs,1
"ah""",1
dos,1
epileptic ,1
Omnipresent,1
Ls,1
butt ,1
mine ,1
cahoot-ified,1
-718,1
lambada,1
time!!,1
from?,1
yig,1
Playin',1
92 ,1
Ad-Whammy,1
hardworking,1
neglected,1
torn,1
titty,1
Glide,1
Hyman,1
move ,1
huiki,1
dimensions ,1
O',1
pristine,1
stutter,1
Chan,1
and ,1
Rapid,1
mitten,1
building,1
Poetry,1
Store,1
"them!""",1
millennium,1
station ,1
worse,1
powder,1
deuce,1
Parish,1
shade,1
degree,1
Continental,1
blast,1
Driver,1
PCP ,1
scuffle,1
smurfin' ,1
vandals,1
?Courts?,1
lacin',1
--,1
Cookypuss.,1
chiller,1
honkey,1
organic,1
respected,1
'73,1
slicin',1
boy ,1
cameras,1
(At,1
Jerse,1
check-it ,1
hone,1
collected ,1
fills,1
Hal,1
homebody,1
bond,1
strainer,1
Sit,1
Vie,1
disses,1
Yoggin,1
paragraph ,1
hidin',1
Y-A-U-C-H,1
raising,1
Hmm,1
flocks,1
momma,1
girlies ,1
itch!,1
warp,1
(Check,1
O.K.,1
lengthy,1
Homeboy ,1
yeas,1
Dehli ,1
asana,1
hurrah,1
subwoofer,1
mike ,1
cheat,1
ghee,1
booboo-snack,1
sinsemilla,1
Taco,1
nest,1
motherf*ck,1
sir ,1
stunts,1
bugallo,1
owes,1
onions,1
giving ,1
awards,1
Goldstein ,1
lackin',1
non,1
Cocao,1
nobility,1
bitties,1
bitch.,1
Bite,1
Belly,1
hairy,1
ninety-three ,1
ape,1
Thai,1
lost ,1
Yusef,1
Harper,1
uptown ,1
Pie,1
final,1
bindings,1
cooped,1
nexus,1
river,1
realm,1
heavy,1
Sense,1
prints,1
fountain,1
Opened,1
Edward,1
Center,1
Bassini,1
Ewing,1
Partner,1
Sound,1
soldier ,1
Shoot,1
peek,1
Frisco ,1
joined,1
sold,1
whammy,1
bass...,1
resist,1
biters ,1
Macka,1
paranoid,1
"one.""",1
cone,1
rotary,1
tri-corder ,1
devil,1
groove ,1
licking,1
blinded,1
leaner,1
Schematics ,1
dizzy,1
eddie,1
mace,1
Diamond,1
clowned,1
Round,1
Time's,1
rafters,1
pas?,1
pegs,1
freedom,1
Stuffing ,1
gracious ,1
Iroc ,1
bail ,1
hypocrite ,1
Aaahhn ,1
morning ,1
tilly,1
oogie,1
Willis ,1
egg-gun,1
president,1
omnipotent,1
sophisticated,1
Madison,1
outta,1
hawking,1
ooh ,1
Coordinating,1
Uncle,1
puss's,1
troop ,1
Scoped,1
Oriental,1
Smoked,1
tables,1
recorder,1
specific,1
spikey,1
Fuel,1
Mcgill,1
Laimbeer,1
Bud,1
Piedmont,1
ocean,1
squares ,1
oh-oh ,1
crotch,1
goggles ,1
coffee ,1
vs.,1
d'you,1
Disney,1
maniac,1
498-1043,1
swings,1
Hurricane's,1
slaps,1
surface,1
recognize,1
(we,1
Chivas,1
Arena,1
boulevard,1
A'ight ,1
life's,1
doctor,1
Father,1
Stay,1
Continued,1
"""Fantasy",1
Tears,1
boning,1
flapjacks,1
jackets,1
Aboriginal,1
"fresh""",1
lettuce ,1
nature,1
finished ,1
obstacles,1
Boogle,1
Lovey,1
falafel,1
townhouse,1
talk ,1
driller,1
mustache,1
Rub,1
Cochise,1
shaved,1
smelled,1
aboard,1
animal,1
totally...all,1
Koresh,1
des,1
Holmes,1
cards,1
jocks,1
off-a,1
EPMDs',1
Whilst,1
protector,1
surprise,1
captivated,1
goodnight,1
stressin',1
hating,1
gyp,1
crawling,1
Jockin',1
reaction,1
cautiously,1
year ,1
vestibule,1
(Stop,1
W's,1
decisions,1
basketball,1
pissed ,1
Range,1
Shack,1
primavera,1
Bailiff's,1
EPMD],1
cleared,1
G-get,1
(lip),1
Rolled,1
scientists,1
lacking,1
Bambata,1
like...,1
Models,1
Couple,1
cyborg,1
T-shirt,1
gnome,1
behave,1
number ,1
Michel,1
Bubble,1
Expressing,1
affect,1
happiness,1
expensive,1
Queen's,1
mesmerizing ,1
mangez,1
dashing,1
Chopping,1
P.C.P.,1
practice,1
spreading,1
knee,1
Captain's,1
rubbery,1
"up!""",1
lettin',1
Shit's,1
positively,1
Thurston,1
Boulevard,1
Gary,1
breathes,1
slicer,1
pie's,1
Frisco,1
to-do?,1
correct ,1
Bangkok,1
Resting,1
Heavy,1
Tuesday,1
Crabtree,1
scope,1
sieve,1
reinventing ,1
career,1
man),1
enemies,1
Jon,1
bingo ,1
state.,1
"""Come",1
Beppers,1
Holt,1
wondering,1
pod,1
national,1
non-bound,1
Von,1
Nowhere,1
bustin',1
"""Helter",1
718-498-1043,1
picturesque,1
coming ,1
claws,1
birth,1
Boots) ,1
Reading,1
stages,1
deciding,1
collected,1
Their,1
fork,1
Stomp,1
du,1
Sees,1
"""Yauch""",1
Controlled,1
tunnel ,1
stewardesses,1
pride,1
diddy,1
total,1
hawk ,1
What'd,1
Dudley,1
borrow,1
bon ,1
private ,1
wenches,1
home ,1
wing-clipping,1
Doctor,1
new ,1
queasy,1
tea,1
Drunk,1
toiler,1
yellin' ,1
dj's,1
spare,1
sentient,1
tint,1
Evans,1
"""Shadrach..""",1
Couples,1
dissed?,1
rather,1
Newcastle ,1
killer ,1
no-no-no-no-no-no ,1
kid?),1
"""Money",1
technically,1
S.T.H.,1
graduated,1
wrighting,1
energies,1
Leroy!,1
uhh ,1
(D.,1
(this,1
hot ,1
pushing,1
apple ,1
dr.,1
paints,1
bernhard,1
Grandmaster,1
tie,1
unreal,1
cram,1
extends,1
Intention,1
cooking,1
music ,1
cans,1
pulp,1
Ravers,1
Choked,1
Lizzy,1
slowed,1
cool ,1
reins,1
intrinsically,1
occasion,1
forbidden,1
(Brass),1
animated,1
wealth,1
Salinger,1
yeah!,1
home-piss,1
recorder ,1
moat,1
M.O.N.E.Y.,1
encrust,1
millions,1
a-rushin' ,1
awaiting,1
Front,1
f*cks,1
dinosaur,1
Harley,1
love?,1
mojo!,1
suppose,1
cooling,1
member,1
Frankenstein,1
matter ,1
spazz,1
eighty-eight,1
decided,1
dr,1
forehead ,1
plowin',1
isn't,1
woooo,1
Boy-are-dee,1
weeks,1
tonk,1
grandma's,1
tickin',1
the...,1
sized,1
withinto,1
sides ,1
multilateral,1
globe ,1
(wick ,1
cuff,1
Lyrical,1
MaCan,1
O.E.,1
tippin',1
precision,1
Peach-a,1
unfold?,1
focused,1
genius ,1
Excedrin,1
rotated,1
unfurls,1
trance,1
PA,1
saturate,1
Boulevard ,1
calling?,1
scuffle ,1
draft,1
within ,1
recorded ,1
win...,1
either,1
coke ,1
How's,1
ok,1
Situations,1
Launched,1
Writing,1
Rach,1
memory,1
raise,1
Parlay,1
Rex,1
tower,1
"alright""",1
Ice,1
VA,1
stitches,1
Sanders,1
tank,1
Virginia,1
Japan,1
Talley,1
daily,1
signin',1
Mason,1
window ,1
dash ,1
brentwood,1
Sulu,1
(out,1
herbs,1
system?,1
peters,1
horizon's,1
records),1
brainwash,1
26,1
effects,1
o'clock,1
freeze,1
"out""",1
dismantled,1
Tilt,1
Burn,1
vinyl's,1
burger,1
raven,1
Scope,1
headin',1
hooks,1
checking,1
standing,1
Furley,1
slam ,1
cheeks,1
weren't,1
(sip),1
mock,1
anti-depressor,1
catching,1
beings?,1
yay,1
jailed,1
MCA?,1
rhymed,1
ago ,1
capped,1
general,1
spark ,1
ah-ah,1
tiger's,1
taxinest,1
"up?""",1
spot ,1
taxes,1
schnitzel,1
Need,1
torch,1
certain,1
drank,1
G ,1
slack ,1
basin,1
ok?,1
narcissist ,1
Truman,1
crawler,1
crass,1
ranks ,1
Flack,1
Holiness,1
sweating,1
islands,1
Says,1
oogie-oogie,1
striving ,1
blessings,1
McCan,1
hands ,1
clockin',1
basing ,1
hate-filled,1
creative,1
arena ,1
during,1
bail,1
deciphering,1
to-do,1
rocks ,1
discombobulated,1
Hello...,1
goodevening,1
a-Boulevard,1
Selling,1
Steven ,1
linked,1
flesh?,1
Robotron,1
tummy,1
click,1
Darth,1
mutiny,1
amateurs,1
Mothership,1
kept,1
treat,1
Kenevil ,1
fool ,1
game's,1
song's,1
banner,1
fessed,1
crackin',1
slippin',1
politickin',1
fudging,1
haa,1
romancing,1
"me.""",1
scratch.,1
chip,1
Swirling,1
bathroom ,1
again?,1
craft,1
troopers,1
chew ,1
girls',1
E-Z,1
magicians ,1
Traverse,1
silky,1
pushin',1
conference,1
blurry,1
youth ,1
cat,1
Herman,1
expert,1
cork,1
Okay ,1
Wrapped,1
years ,1
vous,1
Soleil,1
worlds,1
Smurf,1
aspire,1
"""No.",1
gala,1
Onions,1
Won,1
calendar,1
necks,1
bragadocia,1
tuxedo,1
Shuggie,1
darker,1
madder,1
Applauds,1
Shiny,1
pre,1
dozen,1
comb,1
f*cker,1
sandals,1
Lead,1
crowds,1
Radio,1
compliments,1
villain,1
deeds ,1
businessman,1
Second,1
prowellin',1
got...,1
lay,1
Thursday,1
rum ,1
Die,1
draw ,1
fever),1
clept,1
shootinest,1
M.I.K.E.,1
blitzer,1
boot,1
Rapunzel,1
agendas,1
coper,1
Pele,1
meter,1
"""Explain",1
Marley,1
boom,1
Sporting,1
"one""",1
bong ,1
ha!,1
rhymes ,1
wicked,1
bop,1
blackbirds,1
connection,1
neglect,1
Adjusting,1
illing ,1
rhino,1
him ,1
upset,1
too ,1
Grady,1
asses,1
Strong,1
turnstiles,1
"Me""",1
rim,1
(bust,1
relaxer,1
(c'mon),1
splash,1
deafenin',1
shuffled,1
?,1
LA,1
wane,1
wheeled,1
spying,1
diggin',1
Saturday,1
coalition,1
Horatio,1
FD,1
Hamps,1
smarter,1
rhyme's,1
Hand-held,1
Houdini'd,1
Gnip ,1
head?),1
getcha ,1
blueprints,1
booze,1
Diallo,1
Amalgamate,1
definitely,1
coke,1
frontin',1
affecting,1
Family ,1
say...,1
E-Dub ,1
mailbox,1
bedazzler,1
rockin' ,1
Hu-hu-hu-haa,1
Watching,1
mobster ,1
spirit ,1
hop ,1
enough ,1
Dead,1
Yea..aah..,1
wolf,1
impala,1
Out,1
brewing,1
seeds,1
puffy ,1
a-growing,1
agree,1
Between,1
brunch,1
pong,1
bloopers,1
meditate,1
slate,1
Bones,1
Ran,1
M.C-ing,1
pencil,1
folks,1
custom,1
rocker,1
(Being,1
meant,1
camera,1
M-O-N-E-Y ,1
stars,1
homeless,1
aggressions,1
drive's,1
show ,1
(Busted!),1
detail,1
all-temp-a-cheer,1
dusting,1
release,1
bright,1
venture,1
Prince,1
[Chorus:,1
strapped ,1
Alex,1
baloney,1
Proud,1
real ,1
Ohh ,1
brouhahaha ,1
Italia ,1
height,1
e?,1
royalprez,1
stumbles,1
Smack'em,1
factor,1
lying,1
skeet,1
oops ,1
Union,1
Ro,1
absence,1
rhyming ,1
barbecue,1
plainness,1
Fame,1
rodents,1
Ave. ,1
molehills,1
"""Wasn't",1
fin,1
coins,1
poppin,1
Keebler,1
need ,1
'cross,1
mansions,1
camp,1
sledgehammer,1
clamor?,1
Winkle ,1
Sleestacks,1
cartridge,1
i,1
display,1
fighting...,1
Knight),1
connecting,1
pouch,1
Create,1
beeper,1
bumper,1
"ese""",1
Enlightened,1
nails,1
Someday ,1
ha......,1
Trem,1
turning,1
sending,1
barber,1
hand ,1
superstar.,1
topless,1
Alabama,1
months,1
Gong,1
claims,1
drugs ,1
fuss ,1
dyes,1
respects,1
"""qu'est-ce-que",1
fudge,1
Eyes,1
elephant ,1
charming,1
"dog""",1
S.D.,1
we'd,1
restaurant,1
nitty,1
Flint,1
(x14),1
burly,1
ditty,1
wick),1
It'll,1
oustinin',1
sensitive,1
finer,1
switchboard,1
Therefore ,1
Dug,1
optic,1
Ponce,1
Finkasaurus,1
Spank,1
where'd,1
ageless,1
brush,1
Cookychic ,1
hack,1
bottle ,1
Murdalize,1
'Hello,1
frozen,1
harmonize,1
award,1
Space,1
attention ,1
guard,1
b-boy,1
sticking,1
MCA...,1
impossible ,1
draw,1
Westchester,1
religion,1
Def ,1
Carl,1
74,1
give...,1
claps ,1
floats,1
Tantalize,1
occurring,1
foolish,1
stinkin',1
Mombiles,1
Dow,1
caps,1
Master's,1
elect,1
dancers,1
"Diamond""",1
pleasing,1
splenda,1
Mall ,1
townie,1
Hoover,1
argyle,1
speeds,1
Mantis,1
roller ,1
Grasshoff ,1
spaghetti,1
Hall,1
Beer,1
terms,1
[EPMD],1
Derek,1
Splashin',1
Dutch,1
Fear,1
Party's,1
studies,1
"""No ",1
aw,1
(wohoo),1
Deliver,1
D-cup,1
Sprinkle,1
jerks,1
vodka,1
snake,1
Robbin',1
lifetimes,1
kugel,1
Anthony's,1
gently,1
Nova,1
storm,1
Kicked,1
tasty,1
exploded,1
fakin' ,1
prosciutto,1
only ,1
box ,1
two-seventy-five,1
walk ,1
"(""just",1
Save,1
Puma ,1
dancin',1
Kickin',1
Source,1
hoggin',1
Having,1
Blades,1
worthy,1
group,1
ave,1
Chosen,1
donwn,1
east,1
hoist,1
yourselves,1
varies,1
Budweiser,1
fell,1
poking,1
Tension,1
lined,1
Haaa,1
Losing,1
pot,1
Ballantine,1
heads ,1
yahtzee,1
sensation,1
roost,1
dissing,1
strutting,1
Ha-ha-ha-ha!,1
sears ,1
sleazy,1
quote,1
yesterday,1
gonna ,1
Jell-O,1
rattled,1
cadence,1
apartment,1
Netty's,1
(naw),1
wishbone,1
Multinationals,1
grasp,1
sword,1
nothing ,1
Former,1
felt ,1
pulse,1
himself,1
glue,1
Spreewell,1
d...,1
fence,1
hyped,1
pannenkoeken,1
bombardier,1
forward ,1
endless,1
grit,1
twirls?,1
"""punch",1
mama's,1
Rocks,1
pool,1
twitch,1
underground ,1
emotions,1
position,1
"key""",1
boy-girl,1
allowed,1
yards ,1
guys.,1
roller,1
Due,1
Utah,1
sheep?,1
T,1
meek,1
blimpie,1
way!,1
Sergio,1
Crocker,1
Haze's,1
all ,1
McCoy,1
schemes ,1
stunted,1
bother,1
enlightened ,1
A-bomb,1
ruin,1
"""Call",1
Tryin',1
Rapunzel ,1
trashin',1
match ,1
casino,1
Gandhi ,1
burned,1
"Road""",1
boyfriends,1
23,1
doo-wah,1
Yoda,1
didn't ,1
Je,1
Taxin',1
are ,1
dillingest,1
be.,1
drafting,1
Powell,1
rarely,1
P,1
money.,1
cable,1
Environmental,1
spawn,1
doopa,1
112,1
E.T.,1
Five-O,1
horseradish,1
whoa ,1
creek,1
Oogie,1
bill,1
mama?,1
squared,1
Brain,1
Larry ,1
hi-fi,1
virgin,1
wars ,1
ruler,1
joustin',1
gee,1
super-nature,1
flowin',1
payback,1
(hit,1
Records,1
fluid,1
motherf*cker ,1
symbol,1
[Erick,1
ball ,1
Stash,1
skate,1
tikka,1
noggin,1
improve,1
compromise,1
File,1
buildings ,1
Hawthorne,1
classroom ,1
schooling,1
armed,1
twin,1
sox,1
Pound,1
evolved ,1
Doris,1
dipsy,1
fonts,1
edition,1
ooooh!,1
buttons,1
dealin' ,1
schemes,1
pungent,1
expanded,1
vibes ,1
full ,1
interferons,1
Goin',1
leaking,1
howellin',1
fai?,1
relations,1
Realized,1
echo,1
points,1
Ahn,1
scoot,1
movies ,1
t-two ,1
"""Damn",1
Arnold,1
a.k.,1
flat ,1
intergalaction,1
inspire,1
fatter,1
Automation,1
bottom,1
sill,1
Mad's,1
roar,1
get'em,1
fresh-skeezed,1
(Never,1
concoct,1
beaming,1
outfit's,1
Sermon],1
Plank ,1
overtime ,1
taxi,1
shapes,1
Jay,1
Yeah!,1
wearin',1
eject,1
original ,1
stroll,1
resolution,1
O'Rourke,1
finished,1
SUVs,1
bloodstream ,1
stuffing,1
Spike,1
Fully,1
socialize,1
achieve,1
ninety-four ,1
ster-er-eo?,1
Popeye ,1
circulation,1
recap,1
sewer,1
mack,1
smiling,1
imagination,1
Piazza,1
boys',1
Chong,1
of...,1
Pooh,1
Mom's,1
flexible,1
enter,1
lox,1
bitching,1
spotlight's,1
hurdy-gurdy,1
Eggo,1
beauty,1
pager,1
Marilyn,1
"none!""",1
I.R.T.,1
agianst,1
permanent,1
licked,1
cookin',1
Whoo...,1
exceptional,1
worked ,1
shatter,1
Shazam ,1
waxing,1
emotional,1
streak,1
remarkable,1
simmular,1
Spanish,1
hat's,1
Bros,1
"dead.""",1
Dracula,1
evan,1
phony ,1
Bowery,1
intentions,1
Skirt,1
bullshit ,1
be?,1
constantly,1
banana,1
drops,1
whylin',1
Rally,1
direct,1
manhattan,1
falling ,1
nervous ,1
carries,1
calls ,1
S.,1
Slick,1
to..,1
prophecies,1
Godfather,1
Sip,1
contribute,1
pops,1
Sniffin',1
boy?,1
nauseous,1
Skills...,1
A-wella' ,1
Bowie,1
vinyl,1
Workin',1
clot,1
Legalize,1
Mag,1
trainer,1
22ed,1
Bros.,1
hurt,1
gain,1
Started,1
community,1
determination ,1
smith,1
hog,1
Richter,1
"""Ssshhh",1
freckles,1
laundry,1
"bop""",1
wound,1
Grade,1
leash,1
riser,1
bugging,1
One-Eyed,1
reminisce ,1
Massachusetts,1
Chivas),1
Qu'est-ce-que,1
crossovers,1
band ,1
G.,1
blunted,1
Proof,1
deuces,1
volcano,1
oceans,1
phenomenon ,1
behinds,1
bandito,1
lanes,1
snooze,1
lantern,1
Snatching,1
affection,1
Yankees,1
writer ,1
doctors,1
What?,1
letters ,1
liar,1
lifeline's,1
planet,1
problematic,1
dropping ,1
showin',1
popular,1
black.,1
case?,1
agent ,1
nack,1
underlies,1
spit ,1
gold),1
Amps,1
handgun,1
sloshing,1
blizzard,1
MTV,1
Cire,1
stereo...,1
Shepp,1
hittin' ,1
equaling,1
realm ,1
Suckers ,1
Stax,1
flopping,1
Calibrate,1
dine,1
tranquilizer,1
pains,1
fables,1
pagoda,1
Aaa ,1
ring ,1
crime,1
sword ,1
"at?""",1
mathematically,1
lackluster,1
descent,1
roaming,1
fallen,1
meg,1
digable ,1
swinging,1
crisp,1
ho),1
conclusion,1
saved,1
mastermind,1
Around...,1
Stress,1
Tony,1
finger's,1
brim,1
yarn,1
werecked,1
Drive-by,1
guessed,1
pledge,1
musician ,1
squares,1
Jazzy,1
realign,1
calf,1
penetration,1
college,1
Stinky,1
Nutin',1
E-doubles,1
contrair-ey,1
Cut,1
Farmer,1
Ett,1
moments,1
"""shame",1
drunk ,1
Diamonds,1
pair,1
spoonie,1
Detroit,1
Jerome,1
sudden,1
tap,1
missions,1
galaxies,1
Cooling,1
plum,1
six-point-seven,1
opposite,1
Robinson!,1
boogie,1
papaya,1
rollin',1
EZ,1
Date,1
Mackadocius,1
Tippi,1
stuff...stone,1
bagel,1
"""Toby ",1
chall ,1
L.E.S,1
views,1
Double,1
birds,1
neighborhood,1
"get""",1
zebra,1
Buddhahood,1
fe,1
whales,1
can),1
Dennis,1
31st ,1
(To,1
Palladium ,1
fever ,1
waiting,1
papaya ,1
invade,1
exercise,1
boogie ,1
longest,1
Skipper,1
minin',1
We-we-we-we-we-,1
verb,1
minor,1
sign?,1
belles),1
official,1
needle's,1
come ,1
dapper,1
laters,1
ticking,1
fairy,1
refill,1
Black,1
J'ai,1
basslines,1
Aunt,1
Bad,1
(Chorus),1
Tacchini,1
Mic-Doc,1
Snidely,1
Dig,1
draws,1
back's,1
slips,1
Early,1
Kill,1
Goatee,1
doofus ,1
headless,1
Delicious,1
horizon ,1
mind's,1
smokin ,1
Regina,1
melding,1
toke,1
Dip,1
rust,1
everybody ,1
Homophobics,1
"Hell?""",1
tension,1
whose,1
q-tip ,1
cocoa,1
sniffable,1
Ernest,1
sniffing,1
near,1
proctologist,1
skim,1
Jose,1
M'appelle,1
aim,1
Mark ,1
Tasmania ,1
peach,1
Audi,1
married,1
loathing,1
tricks,1
rahmalzee,1
Cassanova,1
grill,1
Ted,1
Joel,1
Bea,1
Tropicana,1
nine ,1
length,1
Inspector,1
month,1
flushed,1
Alliance,1
goblins,1
'quagmire',1
dermatologist,1
background,1
Swaggert,1
McQueen ,1
synthesize,1
farmes,1
admire,1
chasin' ,1
he ,1
Rat,1
Beard's,1
lethal,1
Pony,1
palm,1
swirlie,1
mais,1
satin,1
minds,1
gest,1
commotion,1
cousin ,1
newest,1
bars ,1
tan,1
(Haha),1
Jesus,1
Blow,1
ill ,1
reminisce,1
goals,1
Fools,1
Bitin',1
80,1
except,1
contraction,1
kid's,1
flashing ,1
railroad,1
allright,1
Captivating ,1
weed ,1
own?,1
diaper,1
then.,1
Sportsac,1
I.K.E.,1
donut,1
awards ,1
House,1
waters,1
neighborhood's,1
replies,1
crumb,1
Tidy,1
clocked,1
butterfly,1
croquette,1
JJ,1
ploys,1
operate,1
druid,1
equal,1
transmission,1
formulating,1
puma,1
Savannah,1
Popeil,1
dialin',1
Sell,1
junk ,1
bredren,1
grasshopper,1
snail,1
hated ,1
elders,1
"kid?""",1
Suede,1
discoverin',1
copies ,1
stands,1
crimes,1
grandpa,1
fato,1
cookies,1
narcissist,1
'cuz,1
Work-work-work-work,1
Monkey ,1
Mary ,1
bald-ass,1
honorary,1
Billboard,1
minute ,1
Raising,1
Keyboard,1
great ,1
"there""",1
defying,1
"""Just",1
k-nowledge,1
comes ,1
Schneider ,1
Shakin',1
Would,1
gizzard,1
Secausus ,1
dooty,1
g-get,1
DT ,1
lent,1
Were,1
wont,1
8-track,1
retarded,1
teach,1
musicians,1
mayor,1
feeds,1
cynic,1
OPEC,1
erupt,1
schism,1
celebration,1
Staining,1
Use,1
Blow ,1
stepping,1
totally,1
drippy,1
trip ,1
Slowly,1
Tennessee),1
disaster,1
Jacks,1
Roaster,1
cheeba ,1
Means,1
strive,1
Corporate,1
Penn ,1
sta,1
Way,1
Sajak,1
Area,1
grass,1
kings,1
"much""",1
tic,1
bets,1
worm,1
tin ,1
Ad-Rock ,1
queens,1
Philippe,1
driver?,1
odd ,1
Zebra,1
insurrection ,1
unlocked,1
Mac,1
Janet,1
scorpio,1
low-rider,1
M.C.),1
check-it,1
golfing,1
Skewer,1
challenger,1
Suicide,1
Clear,1
platinum,1
see'est,1
personally,1
Life ,1
hard-boiled ,1
Rock ,1
Smith,1
whatcha',1
"what""",1
brooklyn,1
connections,1
spunky,1
Deal,1
skept-a-cleptic ,1
pendulum,1
fryin,1
"headbanger""",1
don't ,1
Leave,1
leaving,1
march,1
zone ,1
mast,1
__(?,1
bonanza,1
deluxe ,1
Nonni's,1
tappin',1
separate,1
Memphis,1
shined,1
applauded,1
Wonderama,1
3-inch,1
analgesics,1
heard ,1
contract,1
Armed,1
Weight,1
like),1
(ohoo),1
phaser,1
nonviolent,1
wheelin',1
sins,1
doubt ,1
Mind,1
traffic,1
ave.,1
chasing ,1
along?,1
mantis ,1
Eggs,1
week-end,1
Jonn,1
nice!,1
"""that's",1
"""Please?""",1
Tac,1
Doing,1
miser,1
sucker ,1
knot,1
m.c.a.'s,1
Bickle,1
beagle,1
grabs,1
launch,1
clot),1
14th,1
goats,1
Dre,1
cardboard,1
Spacing ,1
Hornblower's,1
"""No!""",1
secure,1
Nip,1
Yoshimi,1
joy,1
event,1
Be-E-A-S-T-I-E ,1
Christ ,1
Mike?,1
Mario's,1
fat ,1
chatter,1
Cookie,1
trophy,1
Evil,1
presenting,1
Hip,1
vrai,1
Blue,1
balloon,1
tone,1
riding ,1
suckas ,1
suggest,1
necks?,1
saw?,1
dump,1
Stonehenge,1
Jacoby,1
Phillip,1
blend,1
rehearsin' ,1
brutal ,1
Aids,1
individual ,1
Zodiac,1
prankster ,1
Gnop,1
highs,1
Bush,1
sniper,1
worsen,1
goes ,1
si,1
"rock!""",1
serve,1
"""Stick",1
Coupons,1
spreads,1
stickin,1
E.M.D.,1
pet ,1
County,1
scanner,1
forth,1
water ,1
flew,1
Tear,1
parsley ,1
cooler),1
gauge,1
skin-job,1
spock,1
committed,1
ladies',1
Ginuwine,1
Traveling,1
"here.""",1
Bottom,1
1010,1
Mafioso ,1
Vuitton,1
Bary,1
two-hundred,1
plant,1
One-two-one-two,1
bong...,1
secret ,1
Ima,1
twisting,1
Explosion,1
rewarded,1
whoo...,1
Precision,1
differences,1
illogical,1
gank,1
whisperer,1
perspective,1
sin,1
Bread,1
November,1
home?,1
Ord,1
hex,1
OG,1
Buttafooco,1
emergency?,1
experience,1
Colonel,1
sixty,1
paint,1
can'ts,1
pin,1
Crow,1
Hop,1
cleaning,1
"money.""",1
nicknamed,1
Sitting,1
peripheral,1
homies,1
Timbos,1
75,1
80's,1
Jazzbo,1
bread,1
Provolone,1
pleas,1
Russel,1
Kmart,1
battles,1
Caz,1
amped,1
logo,1
plumber's,1
Wolf,1
Bobalou,1
Odds,1
baby.,1
Striped,1
generate,1
mist,1
jumbo,1
lust,1
Left,1
Rastaman ,1
J-just,1
extra,1
Pistol,1
reject,1
Pulling,1
peeking,1
young,1
(well),1
egg?,1
speaking,1
develop,1
AdRock,1
files,1
Ha!,1
wired,1
Groove,1
stromy ,1
Heineken,1
original,1
Clockwork,1
cash ,1
short,1
Knucklehead,1
vin,1
coupons,1
southern,1
shoes ,1
theorems,1
moms,1
Franklin,1
(Not,1
Lazy,1
J.,1
pizza,1
bicyle,1
Am ,1
beguilin',1
unity,1
bunny ,1
Framma?,1
CD,1
C,1
swing,1
Mars,1
Deluded,1
Fifty-dollar,1
Filas,1
paved,1
dwell),1
prills,1
kick ,1
Treat,1
hassle,1
kits,1
Expansions,1
Adidas,1
topic ,1
putter,1
achieved,1
Williams,1
Cashing,1
breathe,1
living ,1
Freddie's,1
Picture,1
Bowl,1
faker,1
convertible,1
mixer,1
talkin,1
ahaa,1
pud-slapping ,1
Whatcha,1
Elton,1
ignitin',1
St,1
disk ,1
golly-gee,1
a-hoping,1
keyboard,1
orange,1
another ,1
corked,1
injection,1
Francisco,1
eight ,1
fading,1
standin,1
(The,1
Stepping,1
Deny ,1
hood,1
(hey ,1
zip,1
Benihana,1
typically,1
Non-stop ,1
Cali,1
ejected,1
sipping,1
Apple,1
ungrateful,1
apart,1
K-I-N-G-A-D,1
renovate,1
masses,1
light.,1
Perlman's,1
Detox,1
AdWhammy,1
candles,1
Hooray,1
stressed,1
around ,1
ammo,1
crusty,1
knack,1
shake'em,1
recipe,1
mo',1
beatbox,1
sauce ,1
Face,1
drunken,1
yourself?,1
array,1
porn,1
"self""",1
goin,1
Washing,1
rims,1
"2""",1
Kerouac,1
them ,1
bounce ,1
cracked,1
goal,1
letter ,1
bacon,1
damage,1
Rocking,1
countless,1
know?,1
Reed,1
pieces,1
watcha,1
frantic,1
"yo!""",1
Pretending,1
seagull ,1
Brutus,1
starter,1
pins,1
parking,1
ladder,1
Softee,1
projector,1
duplicate,1
egged,1
Futterman's,1
educated,1
racism,1
fermenting,1
homeboys,1
shows,1
Sometime,1
brag ,1
shower,1
glitz,1
going ,1
ends,1
Boogie,1
Adrock?,1
Sassoon's,1
huge,1
chocolatiere,1
impregnable,1
gospel,1
(what) ,1
Lay,1
dancehall,1
heroin,1
gravy,1
Mark,1
bland,1
Woo!,1
one...,1
Tossed,1
B-sized,1
gallore,1
skimmies,1
Carlton,1
"dust""",1
highway,1
Dogs,1
mild,1
"""Anybody",1
illest?,1
technique ,1
Roger's,1
doll ,1
Rhymin',1
(like,1
C'mon ,1
lover,1
Seychelle's,1
Government,1
phases,1
Trans-hypnotic,1
Beatles ,1
four ,1
